path,symbol,symbol_type,line,action_default,status
allocator_agent.py,AllocatorInt,class,12,record-only,SYMBOL_CANDIDATE
allocator_agent.py,sched_step,function,239,record-only,SYMBOL_CANDIDATE
allocator_agent.py,cyclic_sched,function,324,record-only,SYMBOL_CANDIDATE
allocator_agent.py,glb_sched,function,469,record-only,SYMBOL_CANDIDATE
allocator_agent.py,period_boader_display,function,547,record-only,SYMBOL_CANDIDATE
allocator_agent.py,__init__,function,13,record-only,SYMBOL_CANDIDATE
allocator_agent.py,release,function,16,record-only,SYMBOL_CANDIDATE
allocator_agent.py,allocate,function,41,record-only,SYMBOL_CANDIDATE
allocator_agent.py,can_execute,function,71,record-only,SYMBOL_CANDIDATE
analyze/analyze_ctx_switch.py,get_ctx_switch_info,function,11,record-only,SYMBOL_CANDIDATE
analyze/analyze_ctx_switch.py,get_ctx_extracter,function,33,record-only,SYMBOL_CANDIDATE
analyze/analyze_ctx_switch.py,find_core_num,function,65,record-only,SYMBOL_CANDIDATE
analyze/analyze_ctx_switch.py,get_core_num,function,91,record-only,SYMBOL_CANDIDATE
analyze/analyze_ctx_switch.py,extract_ctx_num,function,34,record-only,SYMBOL_CANDIDATE
analyze/analyze_ctx_switch.py,extract_core_num,function,92,record-only,SYMBOL_CANDIDATE
analyze/analyze_timing.py,set_percetile,function,14,record-only,SYMBOL_CANDIDATE
analyze/analyze_timing.py,get_e2e_checker,function,42,record-only,SYMBOL_CANDIDATE
analyze/analyze_timing.py,e2e_checker,function,44,record-only,SYMBOL_CANDIDATE
analyze/analyze_tp.py,set_tp,function,13,record-only,SYMBOL_CANDIDATE
analyze/analyze_tp.py,check_status,function,23,record-only,SYMBOL_CANDIDATE
analyze/analyze_tp.py,get_throughput_extracter,function,32,record-only,SYMBOL_CANDIDATE
analyze/analyze_tp.py,extract_throughput,function,34,record-only,SYMBOL_CANDIDATE
analyze/pattern.py,remove_nondisplay_keys,function,16,record-only,SYMBOL_CANDIDATE
analyze/pattern.py,get_trace_regexp,function,101,record-only,SYMBOL_CANDIDATE
analyze/pattern.py,get_log_regexp,function,126,record-only,SYMBOL_CANDIDATE
analyze/pattern.py,get_group_dict,function,149,record-only,SYMBOL_CANDIDATE
analyze/pattern.py,get_path_var_scaner,function,155,record-only,SYMBOL_CANDIDATE
analyze/pattern.py,path_var_scaner,function,156,record-only,SYMBOL_CANDIDATE
analyze/stat_num_exec.py,extract_num_exec,function,33,record-only,SYMBOL_CANDIDATE
analyze/stat_num_exec.py,extract_num_cores,function,65,record-only,SYMBOL_CANDIDATE
analyze/stat_num_exec.py,count_miss_comp,function,73,record-only,SYMBOL_CANDIDATE
analyze/stat_num_exec.py,test_mode,function,225,record-only,SYMBOL_CANDIDATE
analyze/stat_num_exec.py,get_scaner_warap,function,246,record-only,SYMBOL_CANDIDATE
analyze/stat_num_exec.py,scan_mode,function,259,record-only,SYMBOL_CANDIDATE
analyze/stat_num_exec.py,scaner_warp,function,249,record-only,SYMBOL_CANDIDATE
analyze/xlsl_e2e_lat_abla.py,scan_size,function,24,record-only,SYMBOL_CANDIDATE
analyze/xlsl_e2e_lat_abla.py,scan_bin,function,55,record-only,SYMBOL_CANDIDATE
analyze/xlsl_e2e_lat_abla.py,scan_tp,function,140,record-only,SYMBOL_CANDIDATE
analyze/xlsl_e2e_lat_abla.py,scan_ratioB,function,191,record-only,SYMBOL_CANDIDATE
analyze/xlsl_e2e_latency.py,extract_glb,function,11,record-only,SYMBOL_CANDIDATE
analyze/xlsl_e2e_latency.py,extract_dyn,function,29,record-only,SYMBOL_CANDIDATE
analyze/xlsl_max_tp.py,extract_max_tp,function,13,record-only,SYMBOL_CANDIDATE
analyze/xlsl_min_core.py,extract_min_cores,function,11,record-only,SYMBOL_CANDIDATE
approach_Eq.py,set_time_unit,function,17,record-only,SYMBOL_CANDIDATE
approach_Eq.py,norm_inv_cdf,function,42,record-only,SYMBOL_CANDIDATE
approach_Eq.py,exp_quantile,function,45,record-only,SYMBOL_CANDIDATE
approach_Eq.py,discrete_quantile,function,53,record-only,SYMBOL_CANDIDATE
approach_Eq.py,get_truncnorm_para,function,68,record-only,SYMBOL_CANDIDATE
approach_Eq.py,get_truncexpon_param,function,104,record-only,SYMBOL_CANDIDATE
approach_Eq.py,get_discrete_param,function,124,record-only,SYMBOL_CANDIDATE
approach_Eq.py,truncnorm_closure,function,135,record-only,SYMBOL_CANDIDATE
approach_Eq.py,norm_closure,function,137,record-only,SYMBOL_CANDIDATE
approach_Eq.py,truncexpon_closure,function,141,record-only,SYMBOL_CANDIDATE
approach_Eq.py,expon_closure,function,143,record-only,SYMBOL_CANDIDATE
approach_Eq.py,descrete_closure,function,145,record-only,SYMBOL_CANDIDATE
approach_Eq.py,Variation,class,149,record-only,SYMBOL_CANDIDATE
approach_Eq.py,IOVarDist,class,161,record-only,SYMBOL_CANDIDATE
approach_Eq.py,LoadVarDist,class,200,record-only,SYMBOL_CANDIDATE
approach_Eq.py,SenVarDist,class,229,record-only,SYMBOL_CANDIDATE
approach_Eq.py,AccVarDist,class,259,record-only,SYMBOL_CANDIDATE
approach_Eq.py,dist_from_dict,function,298,record-only,SYMBOL_CANDIDATE
approach_Eq.py,init_var_dist,function,318,record-only,SYMBOL_CANDIDATE
approach_Eq.py,update_task_progress,function,355,record-only,SYMBOL_CANDIDATE
approach_Eq.py,cal_cost,function,364,record-only,SYMBOL_CANDIDATE
approach_Eq.py,sim_comp_time,function,368,record-only,SYMBOL_CANDIDATE
approach_Eq.py,calculate_slack_time,function,388,record-only,SYMBOL_CANDIDATE
approach_Eq.py,estimate_resource_requirement,function,406,record-only,SYMBOL_CANDIDATE
approach_Eq.py,normalize_time_to_unit,function,422,record-only,SYMBOL_CANDIDATE
approach_Eq.py,trasfer_realloc_as_task,function,446,record-only,SYMBOL_CANDIDATE
approach_Eq.py,get_task_load_and_base_size,function,453,record-only,SYMBOL_CANDIDATE
approach_Eq.py,cal_load,function,473,record-only,SYMBOL_CANDIDATE
approach_Eq.py,time_eq,function,487,record-only,SYMBOL_CANDIDATE
approach_Eq.py,time_gt,function,490,record-only,SYMBOL_CANDIDATE
approach_Eq.py,time_gtq,function,493,record-only,SYMBOL_CANDIDATE
approach_Eq.py,time_lt,function,496,record-only,SYMBOL_CANDIDATE
approach_Eq.py,time_ltq,function,499,record-only,SYMBOL_CANDIDATE
approach_Eq.py,time_add,function,502,record-only,SYMBOL_CANDIDATE
approach_Eq.py,time_sub,function,505,record-only,SYMBOL_CANDIDATE
approach_Eq.py,get_var_fn,function,150,record-only,SYMBOL_CANDIDATE
approach_Eq.py,quantile,function,153,record-only,SYMBOL_CANDIDATE
approach_Eq.py,to_dict,function,156,record-only,SYMBOL_CANDIDATE
approach_Eq.py,__init__,function,162,record-only,SYMBOL_CANDIDATE
approach_Eq.py,quantile,function,177,record-only,SYMBOL_CANDIDATE
approach_Eq.py,cdf,function,188,record-only,SYMBOL_CANDIDATE
approach_Eq.py,to_dict,function,194,record-only,SYMBOL_CANDIDATE
approach_Eq.py,__init__,function,206,record-only,SYMBOL_CANDIDATE
approach_Eq.py,quantile,function,219,record-only,SYMBOL_CANDIDATE
approach_Eq.py,to_dict,function,222,record-only,SYMBOL_CANDIDATE
approach_Eq.py,__init__,function,230,record-only,SYMBOL_CANDIDATE
approach_Eq.py,quantile,function,243,record-only,SYMBOL_CANDIDATE
approach_Eq.py,to_dict,function,253,record-only,SYMBOL_CANDIDATE
approach_Eq.py,__init__,function,265,record-only,SYMBOL_CANDIDATE
approach_Eq.py,quantile,function,279,record-only,SYMBOL_CANDIDATE
approach_Eq.py,to_dict,function,290,record-only,SYMBOL_CANDIDATE
approach_Eq.py,joint_var_fn,function,272,record-only,SYMBOL_CANDIDATE
approach_collector.py,StatisticsCollector,class,40,record-only,SYMBOL_CANDIDATE
approach_collector.py,__init__,function,46,record-only,SYMBOL_CANDIDATE
approach_collector.py,set_path,function,146,record-only,SYMBOL_CANDIDATE
approach_collector.py,set_task_cnt,function,149,record-only,SYMBOL_CANDIDATE
approach_collector.py,set_motiv3_mode,function,152,record-only,SYMBOL_CANDIDATE
approach_collector.py,init_partition_stats,function,157,record-only,SYMBOL_CANDIDATE
approach_collector.py,record_task_start,function,170,record-only,SYMBOL_CANDIDATE
approach_collector.py,record_task_finish,function,174,record-only,SYMBOL_CANDIDATE
approach_collector.py,record_e2e_finish,function,225,record-only,SYMBOL_CANDIDATE
approach_collector.py,record_realloc,function,257,record-only,SYMBOL_CANDIDATE
approach_collector.py,record_realloc_num,function,275,record-only,SYMBOL_CANDIDATE
approach_collector.py,record_sched_overhead,function,287,record-only,SYMBOL_CANDIDATE
approach_collector.py,record_compute_progress,function,303,record-only,SYMBOL_CANDIDATE
approach_collector.py,record_period_load_arrival,function,310,record-only,SYMBOL_CANDIDATE
approach_collector.py,record_idle_capacity,function,315,record-only,SYMBOL_CANDIDATE
approach_collector.py,record_miss,function,323,record-only,SYMBOL_CANDIDATE
approach_collector.py,forward_hyperperiod,function,342,record-only,SYMBOL_CANDIDATE
approach_collector.py,_record_period_e2e_candidate,function,404,record-only,SYMBOL_CANDIDATE
approach_collector.py,_finalize_adaptive_bins,function,409,record-only,SYMBOL_CANDIDATE
approach_collector.py,_add_to_adaptive_bin,function,442,record-only,SYMBOL_CANDIDATE
approach_collector.py,_get_base_task_name,function,463,record-only,SYMBOL_CANDIDATE
approach_collector.py,get_adaptive_load_latency_summary,function,472,record-only,SYMBOL_CANDIDATE
approach_collector.py,get_raw_load_latency,function,509,record-only,SYMBOL_CANDIDATE
approach_collector.py,get_summary,function,513,record-only,SYMBOL_CANDIDATE
approach_collector.py,get_utilization_avg_ratio,function,601,record-only,SYMBOL_CANDIDATE
approach_collector.py,get_realloc_info,function,618,record-only,SYMBOL_CANDIDATE
approach_collector.py,get_sched_overhead_info,function,626,record-only,SYMBOL_CANDIDATE
approach_collector.py,get_motiv_case1_stats,function,668,record-only,SYMBOL_CANDIDATE
approach_collector.py,get_motiv_case2_stats,function,687,record-only,SYMBOL_CANDIDATE
approach_collector.py,get_motiv_case3_stats,function,731,record-only,SYMBOL_CANDIDATE
approach_collector.py,plot_motiv_case1,function,773,record-only,SYMBOL_CANDIDATE
approach_collector.py,_cluster_case2_data,function,1048,record-only,SYMBOL_CANDIDATE
approach_collector.py,plot_motiv_case2,function,1121,record-only,SYMBOL_CANDIDATE
approach_collector.py,plot_motiv_legend,function,1502,record-only,SYMBOL_CANDIDATE
approach_collector.py,format_motiv_case1_output,function,1616,record-only,SYMBOL_CANDIDATE
approach_collector.py,format_motiv_case2_output,function,1645,record-only,SYMBOL_CANDIDATE
approach_collector.py,format_motiv_case3_output,function,1702,record-only,SYMBOL_CANDIDATE
approach_collector.py,export_motiv_case_results,function,1760,record-only,SYMBOL_CANDIDATE
approach_collector.py,print_motiv_case_summary,function,1815,record-only,SYMBOL_CANDIDATE
approach_collector.py,get_latency_breakdown_avg_ratio,function,1835,record-only,SYMBOL_CANDIDATE
approach_collector.py,get_weighted_pearson_corr_binned,function,1904,record-only,SYMBOL_CANDIDATE
approach_collector.py,_spearman_from_arrays,function,1951,record-only,SYMBOL_CANDIDATE
approach_collector.py,get_spearman_correlation,function,1981,record-only,SYMBOL_CANDIDATE
approach_collector.py,_weighted_ranks,function,1993,record-only,SYMBOL_CANDIDATE
approach_collector.py,get_spearman_correlation_binned,function,2017,record-only,SYMBOL_CANDIDATE
approach_collector.py,_calculate_rmse_from_trend,function,2054,record-only,SYMBOL_CANDIDATE
approach_collector.py,plot_motiv_case3,function,2075,record-only,SYMBOL_CANDIDATE
approach_collector.py,plot_load_latency_binned,function,2138,record-only,SYMBOL_CANDIDATE
approach_collector.py,plot_load_latency_raw,function,2231,record-only,SYMBOL_CANDIDATE
approach_collector.py,get_full_summary,function,2310,record-only,SYMBOL_CANDIDATE
approach_collector.py,_format_summary_for_print,function,2325,record-only,SYMBOL_CANDIDATE
approach_collector.py,export_summary,function,2432,record-only,SYMBOL_CANDIDATE
approach_collector.py,save_state,function,2466,record-only,SYMBOL_CANDIDATE
approach_collector.py,load_state,function,2533,record-only,SYMBOL_CANDIDATE
approach_collector.py,load_save_check,function,2624,record-only,SYMBOL_CANDIDATE
approach_collector.py,iter_pairs,function,328,record-only,SYMBOL_CANDIDATE
approach_collector.py,_extract_percentile,function,835,record-only,SYMBOL_CANDIDATE
approach_collector.py,_fmt_ratio,function,972,record-only,SYMBOL_CANDIDATE
approach_collector.py,format_row,function,2396,record-only,SYMBOL_CANDIDATE
approach_def.py,set_verbose_output,function,45,record-only,SYMBOL_CANDIDATE
approach_def.py,set_realloc_disabled,function,50,record-only,SYMBOL_CANDIDATE
approach_def.py,set_miss_disabled,function,54,record-only,SYMBOL_CANDIDATE
approach_def.py,set_drop_disabled,function,58,record-only,SYMBOL_CANDIDATE
approach_def.py,get_drop_disabled,function,62,record-only,SYMBOL_CANDIDATE
approach_def.py,get_miss_disabled,function,66,record-only,SYMBOL_CANDIDATE
approach_def.py,get_realloc_disabled,function,70,record-only,SYMBOL_CANDIDATE
approach_def.py,print_if_verbose,function,75,record-only,SYMBOL_CANDIDATE
approach_def.py,build_logical_graph,function,81,record-only,SYMBOL_CANDIDATE
approach_def.py,MyGraph,class,101,record-only,SYMBOL_CANDIDATE
approach_def.py,GlobalEvent_t,class,268,record-only,SYMBOL_CANDIDATE
approach_def.py,BaseProcessor,class,343,record-only,SYMBOL_CANDIDATE
approach_def.py,Sen_p,class,507,record-only,SYMBOL_CANDIDATE
approach_def.py,Acc_p,class,572,record-only,SYMBOL_CANDIDATE
approach_def.py,__init__,function,102,record-only,SYMBOL_CANDIDATE
approach_def.py,_rebuild_distributions,function,123,record-only,SYMBOL_CANDIDATE
approach_def.py,mark_finish,function,141,record-only,SYMBOL_CANDIDATE
approach_def.py,mark_ready,function,165,record-only,SYMBOL_CANDIDATE
approach_def.py,duplicate_for_hyperperiod,function,168,record-only,SYMBOL_CANDIDATE
approach_def.py,__init__,function,269,record-only,SYMBOL_CANDIDATE
approach_def.py,add_events_for_hyperperiod,function,285,record-only,SYMBOL_CANDIDATE
approach_def.py,get_next_event_time,function,311,record-only,SYMBOL_CANDIDATE
approach_def.py,confirm_next_event,function,327,record-only,SYMBOL_CANDIDATE
approach_def.py,remove_ood_events,function,332,record-only,SYMBOL_CANDIDATE
approach_def.py,detect_empty,function,336,record-only,SYMBOL_CANDIDATE
approach_def.py,__init__,function,344,record-only,SYMBOL_CANDIDATE
approach_def.py,update_static_schedule_for_hyperperiod,function,367,record-only,SYMBOL_CANDIDATE
approach_def.py,update_prev_slot_schedule,function,398,record-only,SYMBOL_CANDIDATE
approach_def.py,update_mapped_nodes_for_hyperperiod,function,417,record-only,SYMBOL_CANDIDATE
approach_def.py,update_run,function,430,record-only,SYMBOL_CANDIDATE
approach_def.py,update_ready,function,434,record-only,SYMBOL_CANDIDATE
approach_def.py,sched,function,438,record-only,SYMBOL_CANDIDATE
approach_def.py,predict_next,function,442,record-only,SYMBOL_CANDIDATE
approach_def.py,__str__,function,446,record-only,SYMBOL_CANDIDATE
approach_def.py,__repr__,function,449,record-only,SYMBOL_CANDIDATE
approach_def.py,repr_info,function,452,record-only,SYMBOL_CANDIDATE
approach_def.py,clear_timeout,function,469,record-only,SYMBOL_CANDIDATE
approach_def.py,has_action,function,480,record-only,SYMBOL_CANDIDATE
approach_def.py,__init__,function,513,record-only,SYMBOL_CANDIDATE
approach_def.py,update_run,function,519,record-only,SYMBOL_CANDIDATE
approach_def.py,update_ready,function,531,record-only,SYMBOL_CANDIDATE
approach_def.py,sched,function,551,record-only,SYMBOL_CANDIDATE
approach_def.py,__init__,function,573,record-only,SYMBOL_CANDIDATE
approach_def.py,drop,function,595,record-only,SYMBOL_CANDIDATE
approach_def.py,iter_timeout,function,598,record-only,SYMBOL_CANDIDATE
approach_def.py,update_run,function,623,record-only,SYMBOL_CANDIDATE
approach_def.py,update_ready,function,694,record-only,SYMBOL_CANDIDATE
approach_def.py,sched,function,745,record-only,SYMBOL_CANDIDATE
approach_def.py,update_queue,function,817,record-only,SYMBOL_CANDIDATE
approach_def.py,predict_next,function,833,record-only,SYMBOL_CANDIDATE
approach_initiator.py,get_partition_info,function,24,record-only,SYMBOL_CANDIDATE
approach_initiator.py,load_graph_from_json,function,103,record-only,SYMBOL_CANDIDATE
approach_initiator.py,instantiate_mygraph_from_json,function,171,record-only,SYMBOL_CANDIDATE
approach_initiator.py,instantiate_processors,function,176,record-only,SYMBOL_CANDIDATE
approach_initiator.py,initialize_events,function,195,record-only,SYMBOL_CANDIDATE
approach_sched.py,trigger_cond_dyn,function,26,record-only,SYMBOL_CANDIDATE
approach_sched.py,task_filter,function,79,record-only,SYMBOL_CANDIDATE
approach_sched.py,alloc_fn_pglb,function,97,record-only,SYMBOL_CANDIDATE
approach_sched.py,no_trigger,function,157,record-only,SYMBOL_CANDIDATE
approach_sched.py,alloc_fn_cyclic,function,164,record-only,SYMBOL_CANDIDATE
approach_sched.py,PartitionConfig,class,243,record-only,SYMBOL_CANDIDATE
approach_sched.py,acc_p_factory,function,269,record-only,SYMBOL_CANDIDATE
approach_sched.py,__init__,function,255,record-only,SYMBOL_CANDIDATE
approach_setup.py,run_benchmark_setup_pipeline,function,11,record-only,SYMBOL_CANDIDATE
approach_setup.py,setup_benchmark,function,92,record-only,SYMBOL_CANDIDATE
approach_setup.py,print_title,function,154,record-only,SYMBOL_CANDIDATE
approach_sim.py,print_progress,function,18,record-only,SYMBOL_CANDIDATE
approach_sim.py,run_simulation,function,43,record-only,SYMBOL_CANDIDATE
approach_util33.py,MyGraph,class,8,record-only,SYMBOL_CANDIDATE
approach_util33.py,Sen_p,class,51,record-only,SYMBOL_CANDIDATE
approach_util33.py,Acc_p,class,104,record-only,SYMBOL_CANDIDATE
approach_util33.py,__init__,function,9,record-only,SYMBOL_CANDIDATE
approach_util33.py,mark_finish,function,41,record-only,SYMBOL_CANDIDATE
approach_util33.py,mark_ready,function,47,record-only,SYMBOL_CANDIDATE
approach_util33.py,__init__,function,57,record-only,SYMBOL_CANDIDATE
approach_util33.py,update_run,function,65,record-only,SYMBOL_CANDIDATE
approach_util33.py,update_ready,function,75,record-only,SYMBOL_CANDIDATE
approach_util33.py,sched,function,87,record-only,SYMBOL_CANDIDATE
approach_util33.py,__init__,function,105,record-only,SYMBOL_CANDIDATE
approach_util33.py,update_run,function,121,record-only,SYMBOL_CANDIDATE
approach_util33.py,update_ready,function,138,record-only,SYMBOL_CANDIDATE
approach_util33.py,sched,function,154,record-only,SYMBOL_CANDIDATE
approach_util33.py,trigger_cond,function,205,record-only,SYMBOL_CANDIDATE
approach_util33.py,update_queue,function,227,record-only,SYMBOL_CANDIDATE
approach_util33.py,alloc_fn,function,238,record-only,SYMBOL_CANDIDATE
debug_sink_constraint.py,SimpleGraph,class,9,record-only,SYMBOL_CANDIDATE
debug_sink_constraint.py,build_node_relationship_test,function,26,record-only,SYMBOL_CANDIDATE
debug_sink_constraint.py,__init__,function,11,record-only,SYMBOL_CANDIDATE
debug_sink_constraint.py,add_node,function,16,record-only,SYMBOL_CANDIDATE
debug_sink_constraint.py,add_edge,function,19,record-only,SYMBOL_CANDIDATE
debug_sink_constraint.py,predecessors,function,23,record-only,SYMBOL_CANDIDATE
global_var.py,elim_error,function,21,record-only,SYMBOL_CANDIDATE
main_approach.py,main,function,14,record-only,SYMBOL_CANDIDATE
mapper/mem_planner.py,Block,class,37,record-only,SYMBOL_CANDIDATE
mapper/mem_planner.py,CyclicBlock,class,59,record-only,SYMBOL_CANDIDATE
mapper/mem_planner.py,load_block_list_from_json,function,69,record-only,SYMBOL_CANDIDATE
mapper/mem_planner.py,ContentionGroup,class,84,record-only,SYMBOL_CANDIDATE
mapper/mem_planner.py,MemRegion,class,91,record-only,SYMBOL_CANDIDATE
mapper/mem_planner.py,Memalloc,class,124,record-only,SYMBOL_CANDIDATE
mapper/mem_planner.py,AllocMap,class,135,record-only,SYMBOL_CANDIDATE
mapper/mem_planner.py,MemMap,class,168,record-only,SYMBOL_CANDIDATE
mapper/mem_planner.py,stat_overlapping_old,function,429,record-only,SYMBOL_CANDIDATE
mapper/mem_planner.py,stat_overlapping,function,539,record-only,SYMBOL_CANDIDATE
mapper/mem_planner.py,scan_conflict,function,631,record-only,SYMBOL_CANDIDATE
mapper/mem_planner.py,search_interval,function,646,record-only,SYMBOL_CANDIDATE
mapper/mem_planner.py,scan_overlap_2d,function,691,record-only,SYMBOL_CANDIDATE
mapper/mem_planner.py,scan_overlap_1d,function,712,record-only,SYMBOL_CANDIDATE
mapper/mem_planner.py,layout_plot,function,723,record-only,SYMBOL_CANDIDATE
mapper/mem_planner.py,sort_fn_s_x_lft2_lft_s_r,function,795,record-only,SYMBOL_CANDIDATE
mapper/mem_planner.py,sort_fn_s_r,function,798,record-only,SYMBOL_CANDIDATE
mapper/mem_planner.py,sort_fn_conflict_s_r,function,801,record-only,SYMBOL_CANDIDATE
mapper/mem_planner.py,test_priority_mapper,function,806,record-only,SYMBOL_CANDIDATE
mapper/mem_planner.py,test_seq_mapper,function,817,record-only,SYMBOL_CANDIDATE
mapper/mem_planner.py,test_cyclic_mapper,function,828,record-only,SYMBOL_CANDIDATE
mapper/mem_planner.py,verif_utils,function,839,record-only,SYMBOL_CANDIDATE
mapper/mem_planner.py,exam_json_result,function,849,record-only,SYMBOL_CANDIDATE
mapper/mem_planner.py,__post_init__,function,46,record-only,SYMBOL_CANDIDATE
mapper/mem_planner.py,__hash__,function,50,record-only,SYMBOL_CANDIDATE
mapper/mem_planner.py,__eq__,function,53,record-only,SYMBOL_CANDIDATE
mapper/mem_planner.py,to_dict,function,56,record-only,SYMBOL_CANDIDATE
mapper/mem_planner.py,__hash__,function,63,record-only,SYMBOL_CANDIDATE
mapper/mem_planner.py,__eq__,function,66,record-only,SYMBOL_CANDIDATE
mapper/mem_planner.py,__init__,function,98,record-only,SYMBOL_CANDIDATE
mapper/mem_planner.py,update_size,function,103,record-only,SYMBOL_CANDIDATE
mapper/mem_planner.py,copy,function,106,record-only,SYMBOL_CANDIDATE
mapper/mem_planner.py,to_dict,function,109,record-only,SYMBOL_CANDIDATE
mapper/mem_planner.py,__init__,function,125,record-only,SYMBOL_CANDIDATE
mapper/mem_planner.py,from_dict,function,131,record-only,SYMBOL_CANDIDATE
mapper/mem_planner.py,__init__,function,136,record-only,SYMBOL_CANDIDATE
mapper/mem_planner.py,to_json,function,139,record-only,SYMBOL_CANDIDATE
mapper/mem_planner.py,from_json,function,142,record-only,SYMBOL_CANDIDATE
mapper/mem_planner.py,prority_mapper,function,152,record-only,SYMBOL_CANDIDATE
mapper/mem_planner.py,__init__,function,169,record-only,SYMBOL_CANDIDATE
mapper/mem_planner.py,to_json,function,174,record-only,SYMBOL_CANDIDATE
mapper/mem_planner.py,alloc,function,177,record-only,SYMBOL_CANDIDATE
mapper/mem_planner.py,release,function,199,record-only,SYMBOL_CANDIDATE
mapper/mem_planner.py,incr_max_offset,function,241,record-only,SYMBOL_CANDIDATE
mapper/mem_planner.py,first_fit_placement,function,259,record-only,SYMBOL_CANDIDATE
mapper/mem_planner.py,worst_fit_placement,function,279,record-only,SYMBOL_CANDIDATE
mapper/mem_planner.py,best_fit_placement,function,297,record-only,SYMBOL_CANDIDATE
mapper/mem_planner.py,try_to_place,function,315,record-only,SYMBOL_CANDIDATE
mapper/mem_planner.py,seq_mapper_old,function,340,record-only,SYMBOL_CANDIDATE
mapper/mem_planner.py,seq_mapper,function,369,record-only,SYMBOL_CANDIDATE
model/barrier_agent.py,Barrier,class,3,record-only,SYMBOL_CANDIDATE
model/barrier_agent.py,test_barrier,function,25,record-only,SYMBOL_CANDIDATE
model/barrier_agent.py,__init__,function,4,record-only,SYMBOL_CANDIDATE
model/barrier_agent.py,update,function,10,record-only,SYMBOL_CANDIDATE
model/barrier_agent.py,assert_barrier,function,16,record-only,SYMBOL_CANDIDATE
model/barrier_agent.py,state,function,21,record-only,SYMBOL_CANDIDATE
model/buffer.py,Data,class,15,record-only,SYMBOL_CANDIDATE
model/buffer.py,Buffer,class,52,record-only,SYMBOL_CANDIDATE
model/buffer.py,LifeTimeModel,class,117,record-only,SYMBOL_CANDIDATE
model/buffer.py,EventCache,class,213,record-only,SYMBOL_CANDIDATE
model/buffer.py,TriggerCache,class,258,record-only,SYMBOL_CANDIDATE
model/buffer.py,__init__,function,16,record-only,SYMBOL_CANDIDATE
model/buffer.py,serialize,function,33,record-only,SYMBOL_CANDIDATE
model/buffer.py,cache_data_info,function,40,record-only,SYMBOL_CANDIDATE
model/buffer.py,update_receive_time,function,43,record-only,SYMBOL_CANDIDATE
model/buffer.py,cache_msg_transfer,function,46,record-only,SYMBOL_CANDIDATE
model/buffer.py,track_downstream,function,49,record-only,SYMBOL_CANDIDATE
model/buffer.py,__init__,function,53,record-only,SYMBOL_CANDIDATE
model/buffer.py,buffer_mux,function,64,record-only,SYMBOL_CANDIDATE
model/buffer.py,put,function,73,record-only,SYMBOL_CANDIDATE
model/buffer.py,pop,function,87,record-only,SYMBOL_CANDIDATE
model/buffer.py,get,function,101,record-only,SYMBOL_CANDIDATE
model/buffer.py,pop_timeout,function,107,record-only,SYMBOL_CANDIDATE
model/buffer.py,recyle_no_ref,function,110,record-only,SYMBOL_CANDIDATE
model/buffer.py,retain_most_recent,function,113,record-only,SYMBOL_CANDIDATE
model/buffer.py,_pop_timeout,function,119,record-only,SYMBOL_CANDIDATE
model/buffer.py,pop_timeout,function,163,record-only,SYMBOL_CANDIDATE
model/buffer.py,recyle_no_ref,function,179,record-only,SYMBOL_CANDIDATE
model/buffer.py,retain_most_recent,function,194,record-only,SYMBOL_CANDIDATE
model/buffer.py,__init__,function,214,record-only,SYMBOL_CANDIDATE
model/buffer.py,new_process,function,221,record-only,SYMBOL_CANDIDATE
model/buffer.py,get_pred_data,function,227,record-only,SYMBOL_CANDIDATE
model/buffer.py,put,function,230,record-only,SYMBOL_CANDIDATE
model/buffer.py,__getitem__,function,235,record-only,SYMBOL_CANDIDATE
model/buffer.py,__init__,function,259,record-only,SYMBOL_CANDIDATE
model/buffer.py,new_process,function,263,record-only,SYMBOL_CANDIDATE
model/event_gen/e2e_latency.py,naive_period_event_gen,function,7,record-only,SYMBOL_CANDIDATE
model/event_gen/e2e_latency.py,e2e_var_sim,function,14,record-only,SYMBOL_CANDIDATE
model/event_gen/e2e_latency.py,discrete_event_sim,function,36,record-only,SYMBOL_CANDIDATE
model/event_gen/e2e_latency.py,jitter_gen_biside,function,59,record-only,SYMBOL_CANDIDATE
model/event_gen/e2e_latency.py,get_truncnorm_para,function,72,record-only,SYMBOL_CANDIDATE
model/event_gen/e2e_latency.py,exp_jitter,function,97,record-only,SYMBOL_CANDIDATE
model/event_gen/e2e_latency.py,get_truncexpon_param,function,110,record-only,SYMBOL_CANDIDATE
model/event_gen/e2e_latency.py,get_intger_gen,function,118,record-only,SYMBOL_CANDIDATE
model/lru.py,LRUCache,class,4,record-only,SYMBOL_CANDIDATE
model/lru.py,__init__,function,6,record-only,SYMBOL_CANDIDATE
model/lru.py,is_empty,function,12,record-only,SYMBOL_CANDIDATE
model/lru.py,get,function,15,record-only,SYMBOL_CANDIDATE
model/lru.py,put,function,24,record-only,SYMBOL_CANDIDATE
model/lru.py,withdraw,function,39,record-only,SYMBOL_CANDIDATE
model/lru.py,get_lrp,function,44,record-only,SYMBOL_CANDIDATE
model/lru.py,put_neg,function,53,record-only,SYMBOL_CANDIDATE
model/lru.py,get_lru,function,64,record-only,SYMBOL_CANDIDATE
model/lru.py,get_mru,function,71,record-only,SYMBOL_CANDIDATE
model/lru.py,get_value,function,78,record-only,SYMBOL_CANDIDATE
model/message/Context_message.py,ContextMsg,class,41,record-only,SYMBOL_CANDIDATE
model/message/Context_message.py,trace_analyser,function,253,record-only,SYMBOL_CANDIDATE
model/message/Context_message.py,__init__,function,42,record-only,SYMBOL_CANDIDATE
model/message/Context_message.py,setattr,function,65,record-only,SYMBOL_CANDIDATE
model/message/Context_message.py,getattr,function,70,record-only,SYMBOL_CANDIDATE
model/message/Context_message.py,get_downstream_node,function,73,record-only,SYMBOL_CANDIDATE
model/message/Context_message.py,get_type,function,76,record-only,SYMBOL_CANDIDATE
model/message/Context_message.py,get_trigger,function,79,record-only,SYMBOL_CANDIDATE
model/message/Context_message.py,get_src,function,82,record-only,SYMBOL_CANDIDATE
model/message/Context_message.py,get_name,function,85,record-only,SYMBOL_CANDIDATE
model/message/Context_message.py,get_end_time,function,89,record-only,SYMBOL_CANDIDATE
model/message/Context_message.py,get_transfer_delay,function,92,record-only,SYMBOL_CANDIDATE
model/message/Context_message.py,get_e2e_var,function,95,record-only,SYMBOL_CANDIDATE
model/message/Context_message.py,get_timestamp,function,98,record-only,SYMBOL_CANDIDATE
model/message/Context_message.py,get_watermark,function,104,record-only,SYMBOL_CANDIDATE
model/message/Context_message.py,get_load_var,function,107,record-only,SYMBOL_CANDIDATE
model/message/Context_message.py,cache_upstreaming,function,110,record-only,SYMBOL_CANDIDATE
model/message/Context_message.py,cache_trigger,function,125,record-only,SYMBOL_CANDIDATE
model/message/Context_message.py,cache_weight,function,141,record-only,SYMBOL_CANDIDATE
model/message/Context_message.py,cache_msg_transfer,function,146,record-only,SYMBOL_CANDIDATE
model/message/Context_message.py,cache_data_info,function,149,record-only,SYMBOL_CANDIDATE
model/message/Context_message.py,cache_processing,function,152,record-only,SYMBOL_CANDIDATE
model/message/Context_message.py,update_receive_time,function,162,record-only,SYMBOL_CANDIDATE
model/message/Context_message.py,update_e2e_var,function,165,record-only,SYMBOL_CANDIDATE
model/message/Context_message.py,update_load_var,function,168,record-only,SYMBOL_CANDIDATE
model/message/Context_message.py,get_node_attr,function,171,record-only,SYMBOL_CANDIDATE
model/message/Context_message.py,serialize,function,179,record-only,SYMBOL_CANDIDATE
model/message/Context_message.py,create_p_ctx,function,183,record-only,SYMBOL_CANDIDATE
model/message/Context_message.py,create_weight_ctx,function,196,record-only,SYMBOL_CANDIDATE
model/message/Context_message.py,create_sensor_ctx,function,202,record-only,SYMBOL_CANDIDATE
model/message/Context_message.py,parser_ctx,function,216,record-only,SYMBOL_CANDIDATE
model/message/Context_message.py,find_sensor,function,222,record-only,SYMBOL_CANDIDATE
model/message/data_pipe.py,DataPipe,class,26,record-only,SYMBOL_CANDIDATE
model/message/data_pipe.py,TriggerPipe,class,112,record-only,SYMBOL_CANDIDATE
model/message/data_pipe.py,__init__,function,27,record-only,SYMBOL_CANDIDATE
model/message/data_pipe.py,put,function,49,record-only,SYMBOL_CANDIDATE
model/message/data_pipe.py,get,function,63,record-only,SYMBOL_CANDIDATE
model/message/data_pipe.py,update_wait_time,function,66,record-only,SYMBOL_CANDIDATE
model/message/data_pipe.py,data_tranfer_sim,function,73,record-only,SYMBOL_CANDIDATE
model/message/data_pipe.py,broadcast_message,function,101,record-only,SYMBOL_CANDIDATE
model/message/data_pipe.py,one_to_one_message,function,107,record-only,SYMBOL_CANDIDATE
model/message/data_pipe.py,__init__,function,113,record-only,SYMBOL_CANDIDATE
model/message/data_pipe.py,broadcast_message,function,116,record-only,SYMBOL_CANDIDATE
model/message/data_pipe.py,one_to_one_message,function,120,record-only,SYMBOL_CANDIDATE
model/message/data_pipe.py,get,function,123,record-only,SYMBOL_CANDIDATE
model/message/message_handler.py,message_trigger_event_new,function,13,record-only,SYMBOL_CANDIDATE
model/message/message_handler.py,load_var_handler,function,59,record-only,SYMBOL_CANDIDATE
model/message/message_handler.py,period_trigger_event,function,78,record-only,SYMBOL_CANDIDATE
model/message/message_handler.py,index_by_timestamp,function,93,record-only,SYMBOL_CANDIDATE
model/message/message_pipe.py,MessagePipe,class,6,record-only,SYMBOL_CANDIDATE
model/message/message_pipe.py,send,function,10,record-only,SYMBOL_CANDIDATE
model/message/message_pipe.py,receive,function,15,record-only,SYMBOL_CANDIDATE
model/message/message_pipe.py,clear,function,24,record-only,SYMBOL_CANDIDATE
model/message/message_pipe.py,get_cache,function,28,record-only,SYMBOL_CANDIDATE
model/message/message_pipe.py,filter,function,33,record-only,SYMBOL_CANDIDATE
model/message/message_pipe.py,empty,function,36,record-only,SYMBOL_CANDIDATE
model/message/msg_dispatcher.py,MsgDispatcher,class,5,record-only,SYMBOL_CANDIDATE
model/message/msg_dispatcher.py,msg_read,function,30,record-only,SYMBOL_CANDIDATE
model/message/msg_dispatcher.py,msg_filter,function,50,record-only,SYMBOL_CANDIDATE
model/message/msg_dispatcher.py,__init__,function,6,record-only,SYMBOL_CANDIDATE
model/message/msg_dispatcher.py,broadcast_message,function,13,record-only,SYMBOL_CANDIDATE
model/message/msg_dispatcher.py,send_message,function,18,record-only,SYMBOL_CANDIDATE
model/noc.py,NoC_model,class,8,record-only,SYMBOL_CANDIDATE
model/noc.py,ideal_model,class,33,record-only,SYMBOL_CANDIDATE
model/noc.py,aggregate_model,class,46,record-only,SYMBOL_CANDIDATE
model/noc.py,__init__,function,9,record-only,SYMBOL_CANDIDATE
model/noc.py,update_overtime,function,14,record-only,SYMBOL_CANDIDATE
model/noc.py,update_inject,function,18,record-only,SYMBOL_CANDIDATE
model/noc.py,query_bw,function,22,record-only,SYMBOL_CANDIDATE
model/noc.py,get_equiv_bw,function,29,record-only,SYMBOL_CANDIDATE
model/noc.py,__init__,function,34,record-only,SYMBOL_CANDIDATE
model/noc.py,get_equiv_bw,function,38,record-only,SYMBOL_CANDIDATE
model/noc.py,get_comm_latency,function,41,record-only,SYMBOL_CANDIDATE
model/noc.py,__init__,function,47,record-only,SYMBOL_CANDIDATE
model/noc.py,update_inject,function,56,record-only,SYMBOL_CANDIDATE
model/noc.py,get_equiv_bw,function,59,record-only,SYMBOL_CANDIDATE
model/performance.py,avg_trasfer_time,function,11,record-only,SYMBOL_CANDIDATE
model/performance.py,multicast_lat_scaler,function,15,record-only,SYMBOL_CANDIDATE
model/position_table.py,PosTableInt,class,1,record-only,SYMBOL_CANDIDATE
model/position_table.py,__init__,function,2,record-only,SYMBOL_CANDIDATE
model/position_table.py,get_record,function,7,record-only,SYMBOL_CANDIDATE
model/position_table.py,set_record,function,10,record-only,SYMBOL_CANDIDATE
model/resource_agent.py,RscMapInt,class,15,record-only,SYMBOL_CANDIDATE
model/resource_agent.py,Resource_model_int,class,39,record-only,SYMBOL_CANDIDATE
model/resource_agent.py,DDL_reservation,class,266,record-only,SYMBOL_CANDIDATE
model/resource_agent.py,RT_reservation,class,313,record-only,SYMBOL_CANDIDATE
model/resource_agent.py,dummy_reservation,class,326,record-only,SYMBOL_CANDIDATE
model/resource_agent.py,__str__,function,18,record-only,SYMBOL_CANDIDATE
model/resource_agent.py,print_simple,function,25,record-only,SYMBOL_CANDIDATE
model/resource_agent.py,__eq__,function,34,record-only,SYMBOL_CANDIDATE
model/resource_agent.py,__init__,function,41,record-only,SYMBOL_CANDIDATE
model/resource_agent.py,add_rsc_num,function,60,record-only,SYMBOL_CANDIDATE
model/resource_agent.py,update,function,64,record-only,SYMBOL_CANDIDATE
model/resource_agent.py,is_empty,function,75,record-only,SYMBOL_CANDIDATE
model/resource_agent.py,get_available_rsc,function,78,record-only,SYMBOL_CANDIDATE
model/resource_agent.py,allocate,function,81,record-only,SYMBOL_CANDIDATE
model/resource_agent.py,release,function,92,record-only,SYMBOL_CANDIDATE
model/resource_agent.py,clear,function,112,record-only,SYMBOL_CANDIDATE
model/resource_agent.py,__str__,function,116,record-only,SYMBOL_CANDIDATE
model/resource_agent.py,__eq__,function,119,record-only,SYMBOL_CANDIDATE
model/resource_agent.py,get_plot_col,function,123,record-only,SYMBOL_CANDIDATE
model/resource_agent.py,updateRunningQueue,function,131,record-only,SYMBOL_CANDIDATE
model/resource_agent.py,action_at_start_cfg,function,170,record-only,SYMBOL_CANDIDATE
model/resource_agent.py,action_at_end_cfg,function,213,record-only,SYMBOL_CANDIDATE
model/resource_agent.py,__init__,function,267,record-only,SYMBOL_CANDIDATE
model/resource_agent.py,get_available_rsc,function,275,record-only,SYMBOL_CANDIDATE
model/resource_agent.py,allocate,function,278,record-only,SYMBOL_CANDIDATE
model/resource_agent.py,release,function,288,record-only,SYMBOL_CANDIDATE
model/resource_agent.py,__str__,function,302,record-only,SYMBOL_CANDIDATE
model/resource_agent.py,__init__,function,314,record-only,SYMBOL_CANDIDATE
model/resource_agent.py,allocate,function,318,record-only,SYMBOL_CANDIDATE
model/resource_agent.py,release,function,322,record-only,SYMBOL_CANDIDATE
model/resource_agent.py,__init__,function,327,record-only,SYMBOL_CANDIDATE
model/resource_agent.py,allocate,function,331,record-only,SYMBOL_CANDIDATE
model/resource_agent.py,release,function,335,record-only,SYMBOL_CANDIDATE
model/streaming_processing/wartermark_strategy.py,WatermarkStrategy,class,13,record-only,SYMBOL_CANDIDATE
model/streaming_processing/wartermark_strategy.py,extract_stream_from_buffer,function,31,record-only,SYMBOL_CANDIDATE
model/streaming_processing/wartermark_strategy.py,join_downscaling_streams,function,54,record-only,SYMBOL_CANDIDATE
model/streaming_processing/wartermark_strategy.py,join_valid,function,75,record-only,SYMBOL_CANDIDATE
model/streaming_processing/wartermark_strategy.py,check_data_depends,function,100,record-only,SYMBOL_CANDIDATE
model/streaming_processing/wartermark_strategy.py,chk_data_trigger,function,154,record-only,SYMBOL_CANDIDATE
model/streaming_processing/wartermark_strategy.py,check_trigger,function,218,record-only,SYMBOL_CANDIDATE
model/streaming_processing/wartermark_strategy.py,chk_release,function,258,record-only,SYMBOL_CANDIDATE
model/streaming_processing/wartermark_strategy.py,ProcessSample,class,298,record-only,SYMBOL_CANDIDATE
model/streaming_processing/wartermark_strategy.py,Data,class,307,record-only,SYMBOL_CANDIDATE
model/streaming_processing/wartermark_strategy.py,Context,class,315,record-only,SYMBOL_CANDIDATE
model/streaming_processing/wartermark_strategy.py,test_chk_data_depends,function,325,record-only,SYMBOL_CANDIDATE
model/streaming_processing/wartermark_strategy.py,test_chk_data_trigger,function,401,record-only,SYMBOL_CANDIDATE
model/streaming_processing/wartermark_strategy.py,build_sample_process,function,462,record-only,SYMBOL_CANDIDATE
model/streaming_processing/wartermark_strategy.py,__init__,function,299,record-only,SYMBOL_CANDIDATE
model/streaming_processing/wartermark_strategy.py,__init__,function,308,record-only,SYMBOL_CANDIDATE
model/streaming_processing/wartermark_strategy.py,__init__,function,316,record-only,SYMBOL_CANDIDATE
model/streaming_processing/wartermark_strategy.py,get_timestamp,function,319,record-only,SYMBOL_CANDIDATE
model/streaming_processing/wartermark_strategy.py,inject_data2buffer,function,327,record-only,SYMBOL_CANDIDATE
model/streaming_processing/wartermark_strategy.py,inject_a_data_event,function,402,record-only,SYMBOL_CANDIDATE
model/task_queue_agent.py,TaskQueue,class,8,record-only,SYMBOL_CANDIDATE
model/task_queue_agent.py,__init__,function,13,record-only,SYMBOL_CANDIDATE
model/task_queue_agent.py,_sort,function,22,record-only,SYMBOL_CANDIDATE
model/task_queue_agent.py,_qsize,function,28,record-only,SYMBOL_CANDIDATE
model/task_queue_agent.py,_put,function,31,record-only,SYMBOL_CANDIDATE
model/task_queue_agent.py,_get,function,35,record-only,SYMBOL_CANDIDATE
model/task_queue_agent.py,remove,function,38,record-only,SYMBOL_CANDIDATE
model/task_queue_agent.py,__len__,function,42,record-only,SYMBOL_CANDIDATE
model/task_queue_agent.py,__iter__,function,45,record-only,SYMBOL_CANDIDATE
model/task_queue_agent.py,__getitem__,function,48,record-only,SYMBOL_CANDIDATE
model/task_queue_agent.py,__setitem__,function,51,record-only,SYMBOL_CANDIDATE
model/task_queue_agent.py,__delitem__,function,55,record-only,SYMBOL_CANDIDATE
model/task_queue_agent.py,clear,function,59,record-only,SYMBOL_CANDIDATE
model/task_queue_agent.py,__deepcopy__,function,62,record-only,SYMBOL_CANDIDATE
optimizer/delta_ver.py,SchedulingBayesNet,class,36,record-only,SYMBOL_CANDIDATE
optimizer/delta_ver.py,__init__,function,37,record-only,SYMBOL_CANDIDATE
optimizer/delta_ver.py,_init_parameters,function,54,record-only,SYMBOL_CANDIDATE
optimizer/delta_ver.py,model,function,93,record-only,SYMBOL_CANDIDATE
optimizer/delta_ver.py,state_trans,function,155,record-only,SYMBOL_CANDIDATE
optimizer/delta_ver.py,guide,function,240,record-only,SYMBOL_CANDIDATE
optimizer/delta_ver.py,train,function,243,record-only,SYMBOL_CANDIDATE
optimizer/delta_ver.py,_project_to_simplex,function,271,record-only,SYMBOL_CANDIDATE
optimizer/delta_ver.py,get_parameters,function,281,record-only,SYMBOL_CANDIDATE
optimizer/dist_custom.py,TruncatedNormal,class,6,record-only,SYMBOL_CANDIDATE
optimizer/dist_custom.py,__init__,function,24,record-only,SYMBOL_CANDIDATE
optimizer/dist_custom.py,expand,function,51,record-only,SYMBOL_CANDIDATE
optimizer/dist_custom.py,sample,function,64,record-only,SYMBOL_CANDIDATE
optimizer/dist_custom.py,rsample,function,68,record-only,SYMBOL_CANDIDATE
optimizer/dist_custom.py,log_prob,function,87,record-only,SYMBOL_CANDIDATE
optimizer/dist_custom.py,cdf,function,102,record-only,SYMBOL_CANDIDATE
optimizer/dist_custom.py,mean,function,118,record-only,SYMBOL_CANDIDATE
optimizer/dist_custom.py,variance,function,129,record-only,SYMBOL_CANDIDATE
optimizer/ops.py,update_w_rem,function,47,record-only,SYMBOL_CANDIDATE
optimizer/ops.py,update_IF,function,70,record-only,SYMBOL_CANDIDATE
optimizer/ops.py,update_IA,function,86,record-only,SYMBOL_CANDIDATE
optimizer/ops.py,update_delta_w,function,129,record-only,SYMBOL_CANDIDATE
optimizer/ops.py,prior_alloc,function,152,record-only,SYMBOL_CANDIDATE
optimizer/ops.py,core_req_lb,function,167,record-only,SYMBOL_CANDIDATE
optimizer/ops.py,alloc_spatial,function,174,record-only,SYMBOL_CANDIDATE
optimizer/ops.py,Next_comp_time,function,179,record-only,SYMBOL_CANDIDATE
optimizer/ops_test.py,softplus,function,21,record-only,SYMBOL_CANDIDATE
optimizer/ops_test.py,sigmoid,function,24,record-only,SYMBOL_CANDIDATE
optimizer/ops_test.py,func1,function,36,record-only,SYMBOL_CANDIDATE
optimizer/ops_test.py,func2,function,40,record-only,SYMBOL_CANDIDATE
optimizer/ops_test.py,func3,function,44,record-only,SYMBOL_CANDIDATE
optimizer/ops_test.py,func4,function,48,record-only,SYMBOL_CANDIDATE
optimizer/ops_test.py,func5,function,53,record-only,SYMBOL_CANDIDATE
optimizer/ops_test.py,func6,function,57,record-only,SYMBOL_CANDIDATE
optimizer/ops_test.py,func7,function,61,record-only,SYMBOL_CANDIDATE
optimizer/ops_test.py,update,function,145,record-only,SYMBOL_CANDIDATE
optimizer/ops_test.py,reset,function,189,record-only,SYMBOL_CANDIDATE
optimizer/scheduler_base.py,SchedulerBase,class,12,record-only,SYMBOL_CANDIDATE
optimizer/scheduler_base.py,build_cat_prob_tensor,function,201,record-only,SYMBOL_CANDIDATE
optimizer/scheduler_base.py,draw_computational_graph,function,240,record-only,SYMBOL_CANDIDATE
optimizer/scheduler_base.py,__init__,function,13,record-only,SYMBOL_CANDIDATE
optimizer/scheduler_base.py,build_cat_prob_list,function,139,record-only,SYMBOL_CANDIDATE
optimizer/scheduler_base.py,quant_t_e_r,function,178,record-only,SYMBOL_CANDIDATE
optimizer/scheduler_base.py,redist_R_s,function,186,record-only,SYMBOL_CANDIDATE
paths.py,PathContext,class,14,record-only,SYMBOL_CANDIDATE
paths.py,__post_init__,function,55,record-only,SYMBOL_CANDIDATE
paths.py,_ensure_dir_exists,function,59,record-only,SYMBOL_CANDIDATE
paths.py,refresh_config,function,65,record-only,SYMBOL_CANDIDATE
paths.py,get_bin_list_path,function,93,record-only,SYMBOL_CANDIDATE
paths.py,get_routing_table_path,function,105,record-only,SYMBOL_CANDIDATE
paths.py,get_bin_fn_regex,function,117,record-only,SYMBOL_CANDIDATE
paths.py,get_trace_path,function,120,record-only,SYMBOL_CANDIDATE
paths.py,get_plot_path,function,134,record-only,SYMBOL_CANDIDATE
paths.py,get_csv_path,function,149,record-only,SYMBOL_CANDIDATE
paths.py,get_log_path,function,154,record-only,SYMBOL_CANDIDATE
paths.py,get_stat_log_path,function,161,record-only,SYMBOL_CANDIDATE
paths.py,get_collector_path,function,168,record-only,SYMBOL_CANDIDATE
paths.py,get_cfg_path,function,175,record-only,SYMBOL_CANDIDATE
ref_tdigest.py,TDigestStreamingHistogram,class,9,record-only,SYMBOL_CANDIDATE
ref_tdigest.py,__init__,function,43,record-only,SYMBOL_CANDIDATE
ref_tdigest.py,__add__,function,61,record-only,SYMBOL_CANDIDATE
ref_tdigest.py,__radd__,function,75,record-only,SYMBOL_CANDIDATE
ref_tdigest.py,add,function,84,record-only,SYMBOL_CANDIDATE
ref_tdigest.py,cdf,function,92,record-only,SYMBOL_CANDIDATE
ref_tdigest.py,percentile,function,98,record-only,SYMBOL_CANDIDATE
ref_tdigest.py,get_mean,function,104,record-only,SYMBOL_CANDIDATE
ref_tdigest.py,get_histogram_data,function,111,record-only,SYMBOL_CANDIDATE
ref_tdigest.py,get_summary,function,155,record-only,SYMBOL_CANDIDATE
ref_tdigest.py,to_dict,function,181,record-only,SYMBOL_CANDIDATE
ref_tdigest.py,from_dict,function,194,record-only,SYMBOL_CANDIDATE
ref_tdigest.py,run_test,function,206,record-only,SYMBOL_CANDIDATE
sched/bin_list_utils.py,get_task_layout_compact,function,29,record-only,SYMBOL_CANDIDATE
sched/bin_list_utils.py,get_task_layout_compact1bin,function,333,record-only,SYMBOL_CANDIDATE
sched/bin_list_utils.py,get_task_layout,function,639,record-only,SYMBOL_CANDIDATE
sched/bin_list_utils.py,get_task_layout_sparse,function,691,record-only,SYMBOL_CANDIDATE
sched/bin_list_utils.py,add_bar,function,978,record-only,SYMBOL_CANDIDATE
sched/bin_list_utils.py,add_text,function,984,record-only,SYMBOL_CANDIDATE
sched/bin_list_utils.py,add_v_grid,function,988,record-only,SYMBOL_CANDIDATE
sched/bin_list_utils.py,Bin_list_print,function,992,record-only,SYMBOL_CANDIDATE
sched/bin_list_utils.py,get_sparse_flops,function,1043,record-only,SYMBOL_CANDIDATE
sched/bin_list_utils.py,update_sparse_dict,function,1205,record-only,SYMBOL_CANDIDATE
sched/bin_ops.py,del_bin,function,16,record-only,SYMBOL_CANDIDATE
sched/bin_ops.py,new_bin,function,25,record-only,SYMBOL_CANDIDATE
sched/bin_ops.py,bin_iter_descending_req_rsc_size,function,29,record-only,SYMBOL_CANDIDATE
sched/bin_ops.py,bin_iter_list,function,38,record-only,SYMBOL_CANDIDATE
sched/bin_ops.py,bin_iter_uniform_dist,function,45,record-only,SYMBOL_CANDIDATE
sched/bin_ops.py,get_size_mainPlusRDA,function,70,record-only,SYMBOL_CANDIDATE
sched/bin_ops.py,sort_bin_list_EAT,function,81,record-only,SYMBOL_CANDIDATE
sched/bin_ops.py,sort_bin_list_by_barycenter,function,114,record-only,SYMBOL_CANDIDATE
sched/bin_ops.py,index_preeempt_num_cores_by_interval,function,162,record-only,SYMBOL_CANDIDATE
sched/bin_ops.py,get_initlist_and_biniter,function,172,record-only,SYMBOL_CANDIDATE
sched/bin_ops.py,manual_defined_reservation,function,184,record-only,SYMBOL_CANDIDATE
sched/bin_ops.py,all_isolation,function,200,record-only,SYMBOL_CANDIDATE
sched/bin_ops.py,static_1_bin,function,217,record-only,SYMBOL_CANDIDATE
sched/binpack_config.py,BinPackConfig,class,7,record-only,SYMBOL_CANDIDATE
sched/binpack_config.py,__init__,function,14,record-only,SYMBOL_CANDIDATE
sched/binpack_config.py,algorithm,function,23,record-only,SYMBOL_CANDIDATE
sched/binpack_config.py,algorithm,function,28,record-only,SYMBOL_CANDIDATE
sched/binpack_config.py,sort,function,32,record-only,SYMBOL_CANDIDATE
sched/binpack_config.py,mode,function,37,record-only,SYMBOL_CANDIDATE
sched/binpack_config.py,bin_sel_mod,function,42,record-only,SYMBOL_CANDIDATE
sched/binpack_config.py,reservation_policy,function,47,record-only,SYMBOL_CANDIDATE
sched/binpack_config.py,affinity_en,function,52,record-only,SYMBOL_CANDIDATE
sched/binpack_config.py,affinity_level,function,57,record-only,SYMBOL_CANDIDATE
sched/binpack_config.py,preempt_en,function,62,record-only,SYMBOL_CANDIDATE
sched/binpack_config.py,partial_alloc_en,function,67,record-only,SYMBOL_CANDIDATE
sched/binpack_config.py,quantum_check_en,function,72,record-only,SYMBOL_CANDIDATE
sched/binpack_config.py,mapping,function,77,record-only,SYMBOL_CANDIDATE
sched/binpack_config.py,mapping,function,82,record-only,SYMBOL_CANDIDATE
sched/binpack_config.py,quantile,function,86,record-only,SYMBOL_CANDIDATE
sched/binpack_config.py,quantile,function,91,record-only,SYMBOL_CANDIDATE
sched/binpack_config.py,var_dist_map,function,95,record-only,SYMBOL_CANDIDATE
sched/binpack_config.py,var_dist_map,function,100,record-only,SYMBOL_CANDIDATE
sched/binpack_config.py,core_size,function,104,record-only,SYMBOL_CANDIDATE
sched/binpack_config.py,core_size,function,109,record-only,SYMBOL_CANDIDATE
sched/binpack_config.py,exec_t_comp_ratioB,function,113,record-only,SYMBOL_CANDIDATE
sched/binpack_config.py,exec_t_comp_ratioB,function,118,record-only,SYMBOL_CANDIDATE
sched/binpack_config.py,generate_template,function,122,record-only,SYMBOL_CANDIDATE
sched/binpack_config.py,__repr__,function,144,record-only,SYMBOL_CANDIDATE
sched/global_sched.py,push_task_into_bins_new,function,42,record-only,SYMBOL_CANDIDATE
sched/global_sched.py,push_step_new,function,154,record-only,SYMBOL_CANDIDATE
sched/global_sched.py,naive_iso,function,281,record-only,SYMBOL_CANDIDATE
sched/global_sched.py,test_mem_planner,function,318,record-only,SYMBOL_CANDIDATE
sched/global_sched.py,coleasing_alloc_1bin,function,376,record-only,SYMBOL_CANDIDATE
sched/global_sched.py,coleasing_alloc_cluster,function,580,record-only,SYMBOL_CANDIDATE
sched/global_sched.py,update_bp_result2_schedtab,function,660,record-only,SYMBOL_CANDIDATE
sched/global_sched.py,gurobi_split_solver,function,757,record-only,SYMBOL_CANDIDATE
sched/global_sched.py,rename_bins_and_relable_assignments,function,796,record-only,SYMBOL_CANDIDATE
sched/global_sched.py,build_greedy_obj,function,826,record-only,SYMBOL_CANDIDATE
sched/global_sched.py,build_search_obj,function,884,record-only,SYMBOL_CANDIDATE
sched/global_sched.py,issue_sort_fn,function,88,record-only,SYMBOL_CANDIDATE
sched/global_sched.py,_new_bin,function,103,record-only,SYMBOL_CANDIDATE
sched/global_sched.py,_new_bin,function,306,record-only,SYMBOL_CANDIDATE
sched/global_sched.py,_new_bin,function,403,record-only,SYMBOL_CANDIDATE
sched/global_sched.py,_new_bin,function,627,record-only,SYMBOL_CANDIDATE
sched/monitor_agent.py,Monitor,class,5,record-only,SYMBOL_CANDIDATE
sched/monitor_agent.py,get_target_bin_id,function,23,record-only,SYMBOL_CANDIDATE
sched/monitor_agent.py,get_rsc_2b_released,function,39,record-only,SYMBOL_CANDIDATE
sched/monitor_agent.py,__init__,function,7,record-only,SYMBOL_CANDIDATE
sched/monitor_agent.py,get_trace,function,14,record-only,SYMBOL_CANDIDATE
sched/monitor_agent.py,add_a_record,function,17,record-only,SYMBOL_CANDIDATE
sched/monitor_agent.py,add_a_placehold_record,function,20,record-only,SYMBOL_CANDIDATE
sched/packing_solver/chain_slack_assign.py,check_solution_validity,function,15,record-only,SYMBOL_CANDIDATE
sched/packing_solver/chain_slack_assign.py,GurobiRscSlackEstim,class,83,record-only,SYMBOL_CANDIDATE
sched/packing_solver/chain_slack_assign.py,HeuriRscSlackEstim,function,229,record-only,SYMBOL_CANDIDATE
sched/packing_solver/chain_slack_assign.py,__init__,function,115,record-only,SYMBOL_CANDIDATE
sched/packing_solver/chain_slack_assign.py,create_variables,function,131,record-only,SYMBOL_CANDIDATE
sched/packing_solver/chain_slack_assign.py,define_constraints,function,143,record-only,SYMBOL_CANDIDATE
sched/packing_solver/chain_slack_assign.py,solve,function,184,record-only,SYMBOL_CANDIDATE
sched/packing_solver/chain_slack_assign.py,check_constr,function,211,record-only,SYMBOL_CANDIDATE
sched/packing_solver/fit.py,fit_func,function,13,record-only,SYMBOL_CANDIDATE
sched/packing_solver/fit.py,fit_func,function,17,record-only,SYMBOL_CANDIDATE
sched/packing_solver/gurobi_MP_semi2DClst.py,ClusterGurobiSolverSemi2D,class,7,record-only,SYMBOL_CANDIDATE
sched/packing_solver/gurobi_MP_semi2DClst.py,__init__,function,40,record-only,SYMBOL_CANDIDATE
sched/packing_solver/gurobi_MP_semi2DClst.py,create_variables,function,86,record-only,SYMBOL_CANDIDATE
sched/packing_solver/gurobi_MP_semi2DClst.py,create_constraints,function,109,record-only,SYMBOL_CANDIDATE
sched/packing_solver/gurobi_MP_semi2DClst.py,solve,function,161,record-only,SYMBOL_CANDIDATE
sched/packing_solver/gurobi_semi2Dclst_mapping.py,GurobiSemi2DClstMapping,class,6,record-only,SYMBOL_CANDIDATE
sched/packing_solver/gurobi_semi2Dclst_mapping.py,debug,function,641,record-only,SYMBOL_CANDIDATE
sched/packing_solver/gurobi_semi2Dclst_mapping.py,__init__,function,35,record-only,SYMBOL_CANDIDATE
sched/packing_solver/gurobi_semi2Dclst_mapping.py,_initialize_variables,function,74,record-only,SYMBOL_CANDIDATE
sched/packing_solver/gurobi_semi2Dclst_mapping.py,_add_constraints,function,205,record-only,SYMBOL_CANDIDATE
sched/packing_solver/gurobi_semi2Dclst_mapping.py,add_exactly_one_sel_constrs,function,242,record-only,SYMBOL_CANDIDATE
sched/packing_solver/gurobi_semi2Dclst_mapping.py,add_amount_and_shape_constrs,function,255,record-only,SYMBOL_CANDIDATE
sched/packing_solver/gurobi_semi2Dclst_mapping.py,add_e2e_graph_constrs,function,286,record-only,SYMBOL_CANDIDATE
sched/packing_solver/gurobi_semi2Dclst_mapping.py,add_bin_constrs,function,332,record-only,SYMBOL_CANDIDATE
sched/packing_solver/gurobi_semi2Dclst_mapping.py,define_obj,function,449,record-only,SYMBOL_CANDIDATE
sched/packing_solver/gurobi_semi2Dclst_mapping.py,scatter_bin_usage,function,503,record-only,SYMBOL_CANDIDATE
sched/packing_solver/gurobi_semi2Dclst_mapping.py,solve,function,526,record-only,SYMBOL_CANDIDATE
sched/packing_solver/gurobi_semi2Dclst_mapping.py,get_results,function,582,record-only,SYMBOL_CANDIDATE
sched/packing_solver/gurobi_semi2Dclst_mapping.py,mycallback,function,538,record-only,SYMBOL_CANDIDATE
sched/packing_solver/gurobi_semi2Dclst_mapping2.py,GurobiSemi2DClstMapping,class,6,record-only,SYMBOL_CANDIDATE
sched/packing_solver/gurobi_semi2Dclst_mapping2.py,__init__,function,35,record-only,SYMBOL_CANDIDATE
sched/packing_solver/gurobi_semi2Dclst_mapping2.py,_initialize_variables,function,73,record-only,SYMBOL_CANDIDATE
sched/packing_solver/gurobi_semi2Dclst_mapping2.py,_add_constraints,function,156,record-only,SYMBOL_CANDIDATE
sched/packing_solver/gurobi_semi2Dclst_mapping2.py,add_exactly_one_sel_constrs,function,217,record-only,SYMBOL_CANDIDATE
sched/packing_solver/gurobi_semi2Dclst_mapping2.py,add_amount_and_shape_constrs,function,240,record-only,SYMBOL_CANDIDATE
sched/packing_solver/gurobi_semi2Dclst_mapping2.py,add_tgrid_constrs,function,271,record-only,SYMBOL_CANDIDATE
sched/packing_solver/gurobi_semi2Dclst_mapping2.py,add_e2e_graph_constrs,function,310,record-only,SYMBOL_CANDIDATE
sched/packing_solver/gurobi_semi2Dclst_mapping2.py,add_bin_constrs,function,357,record-only,SYMBOL_CANDIDATE
sched/packing_solver/gurobi_semi2Dclst_mapping2.py,define_obj,function,503,record-only,SYMBOL_CANDIDATE
sched/packing_solver/gurobi_semi2Dclst_mapping2.py,solve,function,571,record-only,SYMBOL_CANDIDATE
sched/packing_solver/gurobi_semi2Dclst_mapping2.py,get_results,function,611,record-only,SYMBOL_CANDIDATE
sched/packing_solver/gurobi_semi2Dclst_mapping2.py,mycallback,function,575,record-only,SYMBOL_CANDIDATE
sched/placement.py,core_mapping_1d,function,6,record-only,SYMBOL_CANDIDATE
sched/placement.py,update_phy_posi,function,18,record-only,SYMBOL_CANDIDATE
sched/pre_alloc.py,glb_alloc_new,function,19,record-only,SYMBOL_CANDIDATE
sched/pre_alloc.py,allocate_rsc_4_process_new,function,109,record-only,SYMBOL_CANDIDATE
sched/pre_alloc.py,bin_select,function,231,record-only,SYMBOL_CANDIDATE
sched/pre_alloc.py,check_and_preemt_at_queue,function,350,record-only,SYMBOL_CANDIDATE
sched/pre_alloc.py,try_to_allocate,function,388,record-only,SYMBOL_CANDIDATE
sched/pre_alloc.py,get_preempt_candi,function,415,record-only,SYMBOL_CANDIDATE
sched/pre_alloc_new.py,ResourceInsufficientError,class,21,record-only,SYMBOL_CANDIDATE
sched/pre_alloc_new.py,glb_alloc_new2,function,26,record-only,SYMBOL_CANDIDATE
sched/pre_alloc_new.py,allocate_rsc_4_process_new2,function,138,record-only,SYMBOL_CANDIDATE
sched/pre_alloc_new.py,Bp_print_util,function,261,record-only,SYMBOL_CANDIDATE
sched/pre_alloc_new.py,bin_select_new,function,287,record-only,SYMBOL_CANDIDATE
sched/pre_alloc_new.py,bin_sel,function,329,record-only,SYMBOL_CANDIDATE
sched/pre_alloc_new.py,push_into_bin,function,383,record-only,SYMBOL_CANDIDATE
sched/pre_alloc_new.py,check_and_preemt_alloc,function,417,record-only,SYMBOL_CANDIDATE
sched/pre_alloc_new.py,index_occupy_by_id_chunk_ver,function,578,record-only,SYMBOL_CANDIDATE
sched/pre_alloc_new.py,tie_break,function,59,record-only,SYMBOL_CANDIDATE
sched/pre_alloc_new.py,tie_break,function,191,record-only,SYMBOL_CANDIDATE
sched/ref_alloc_search.py,TaskConstraints,class,14,record-only,SYMBOL_CANDIDATE
sched/ref_alloc_search.py,_get_intersection_endpoints,function,30,record-only,SYMBOL_CANDIDATE
sched/ref_alloc_search.py,_find_best_fit,function,65,record-only,SYMBOL_CANDIDATE
sched/ref_alloc_search.py,_allocate_scalar_resource,function,125,record-only,SYMBOL_CANDIDATE
sched/ref_alloc_search.py,find_legal,function,182,record-only,SYMBOL_CANDIDATE
sched/ref_alloc_search.py,__post_init__,function,23,record-only,SYMBOL_CANDIDATE
sched/sched_fn.py,scheduler_step,function,33,record-only,SYMBOL_CANDIDATE
sched/sched_fn.py,check_prempt,function,481,record-only,SYMBOL_CANDIDATE
sched/sched_fn.py,scheduler_step_cyclic,function,505,record-only,SYMBOL_CANDIDATE
sched/sched_fn.py,scheduler_step_fifo,function,722,record-only,SYMBOL_CANDIDATE
sched/sched_fn.py,scheduler_step_pglb,function,1166,record-only,SYMBOL_CANDIDATE
sched/sched_fn.py,glb_dynamic_sched_step,function,1390,record-only,SYMBOL_CANDIDATE
sched/sched_utils.py,read_msg_queue,function,19,record-only,SYMBOL_CANDIDATE
sched/sched_utils.py,record_comp_bw_slot_by_slot,function,71,record-only,SYMBOL_CANDIDATE
sched/sched_utils.py,trigger_read,function,89,record-only,SYMBOL_CANDIDATE
sched/sched_utils.py,data_pipe_read,function,114,record-only,SYMBOL_CANDIDATE
sched/sched_utils.py,data_prefetching,function,155,record-only,SYMBOL_CANDIDATE
sched/sched_utils.py,RunningQueueToWait,function,172,record-only,SYMBOL_CANDIDATE
sched/sched_utils.py,update_depend,function,189,record-only,SYMBOL_CANDIDATE
sched/sched_utils.py,check_depends,function,208,record-only,SYMBOL_CANDIDATE
sched/sched_utils.py,load_sched_tab,function,223,record-only,SYMBOL_CANDIDATE
sched/sched_utils.py,plan_switching,function,270,record-only,SYMBOL_CANDIDATE
sched/scheduler_agent.py,Scheduler,class,21,record-only,SYMBOL_CANDIDATE
sched/scheduler_agent.py,handle_taskqueue,function,397,record-only,SYMBOL_CANDIDATE
sched/scheduler_agent.py,__init__,function,97,record-only,SYMBOL_CANDIDATE
sched/scheduler_agent.py,res_release,function,208,record-only,SYMBOL_CANDIDATE
sched/scheduler_agent.py,check_draining_state,function,213,record-only,SYMBOL_CANDIDATE
sched/scheduler_agent.py,drain_old_cores,function,223,record-only,SYMBOL_CANDIDATE
sched/scheduler_agent.py,switch_sched_tab,function,236,record-only,SYMBOL_CANDIDATE
sched/scheduler_agent.py,get_queues,function,240,record-only,SYMBOL_CANDIDATE
sched/scheduler_agent.py,get_buffer,function,246,record-only,SYMBOL_CANDIDATE
sched/scheduler_agent.py,get_state,function,249,record-only,SYMBOL_CANDIDATE
sched/scheduler_agent.py,throttleToReady,function,253,record-only,SYMBOL_CANDIDATE
sched/scheduler_agent.py,check_miss,function,258,record-only,SYMBOL_CANDIDATE
sched/scheduler_agent.py,check_throttle,function,268,record-only,SYMBOL_CANDIDATE
sched/scheduler_agent.py,check_complete,function,276,record-only,SYMBOL_CANDIDATE
sched/scheduler_agent.py,record_comp_bw_slot_by_slot,function,289,record-only,SYMBOL_CANDIDATE
sched/scheduler_agent.py,updateRunningQueue,function,307,record-only,SYMBOL_CANDIDATE
sched/scheduler_agent.py,pendingToReady,function,311,record-only,SYMBOL_CANDIDATE
sched/scheduler_agent.py,scheduler_step,function,317,record-only,SYMBOL_CANDIDATE
sched/scheduler_agent.py,cyclic_step,function,330,record-only,SYMBOL_CANDIDATE
sched/scheduler_agent.py,fifo_step,function,343,record-only,SYMBOL_CANDIDATE
sched/scheduler_agent.py,pglb_step,function,356,record-only,SYMBOL_CANDIDATE
sched/scheduler_agent.py,handle_taskqueue,function,378,record-only,SYMBOL_CANDIDATE
sched/scheduling_table.py,SchedulingTableInt,class,27,record-only,SYMBOL_CANDIDATE
sched/scheduling_table.py,dense_to_sparse,function,709,record-only,SYMBOL_CANDIDATE
sched/scheduling_table.py,init_event,function,746,record-only,SYMBOL_CANDIDATE
sched/scheduling_table.py,parse_event_msg,function,768,record-only,SYMBOL_CANDIDATE
sched/scheduling_table.py,filter_msg,function,791,record-only,SYMBOL_CANDIDATE
sched/scheduling_table.py,process_tab_event,function,802,record-only,SYMBOL_CANDIDATE
sched/scheduling_table.py,event_handle_migrate_from,function,850,record-only,SYMBOL_CANDIDATE
sched/scheduling_table.py,check_legality,function,855,record-only,SYMBOL_CANDIDATE
sched/scheduling_table.py,event_handle_migrate_to,function,864,record-only,SYMBOL_CANDIDATE
sched/scheduling_table.py,calc_free_spaces,function,886,record-only,SYMBOL_CANDIDATE
sched/scheduling_table.py,get_freespace_features,function,915,record-only,SYMBOL_CANDIDATE
sched/scheduling_table.py,BinGenSelInt,class,929,record-only,SYMBOL_CANDIDATE
sched/scheduling_table.py,BinSelInt,class,947,record-only,SYMBOL_CANDIDATE
sched/scheduling_table.py,BinGenInt,class,953,record-only,SYMBOL_CANDIDATE
sched/scheduling_table.py,new_bin,function,963,record-only,SYMBOL_CANDIDATE
sched/scheduling_table.py,extend_dummy_bins,function,967,record-only,SYMBOL_CANDIDATE
sched/scheduling_table.py,__init__,function,36,record-only,SYMBOL_CANDIDATE
sched/scheduling_table.py,set_alloc_mod,function,71,record-only,SYMBOL_CANDIDATE
sched/scheduling_table.py,is_empty,function,82,record-only,SYMBOL_CANDIDATE
sched/scheduling_table.py,append,function,85,record-only,SYMBOL_CANDIDATE
sched/scheduling_table.py,add_rsc_num,function,96,record-only,SYMBOL_CANDIDATE
sched/scheduling_table.py,index_occupy_by_id,function,101,record-only,SYMBOL_CANDIDATE
sched/scheduling_table.py,idx_free_by_slot,function,154,record-only,SYMBOL_CANDIDATE
sched/scheduling_table.py,insert_task,function,174,record-only,SYMBOL_CANDIDATE
sched/scheduling_table.py,aeap_insert,function,259,record-only,SYMBOL_CANDIDATE
sched/scheduling_table.py,block_insert,function,343,record-only,SYMBOL_CANDIDATE
sched/scheduling_table.py,interval_sparsifier,function,394,record-only,SYMBOL_CANDIDATE
sched/scheduling_table.py,asap_insert,function,402,record-only,SYMBOL_CANDIDATE
sched/scheduling_table.py,release,function,438,record-only,SYMBOL_CANDIDATE
sched/scheduling_table.py,clear,function,448,record-only,SYMBOL_CANDIDATE
sched/scheduling_table.py,allocate,function,453,record-only,SYMBOL_CANDIDATE
sched/scheduling_table.py,step,function,460,record-only,SYMBOL_CANDIDATE
sched/scheduling_table.py,print_scheduling_table,function,468,record-only,SYMBOL_CANDIDATE
sched/scheduling_table.py,print_alloc_detail,function,519,record-only,SYMBOL_CANDIDATE
sched/scheduling_table.py,to_sparse_dict,function,561,record-only,SYMBOL_CANDIDATE
sched/scheduling_table.py,to_sparse,function,571,record-only,SYMBOL_CANDIDATE
sched/scheduling_table.py,build_sparse_event,function,577,record-only,SYMBOL_CANDIDATE
sched/scheduling_table.py,build_sparse_flops,function,613,record-only,SYMBOL_CANDIDATE
sched/scheduling_table.py,idx_plus_1,function,645,record-only,SYMBOL_CANDIDATE
sched/scheduling_table.py,idx_minus_1,function,653,record-only,SYMBOL_CANDIDATE
sched/scheduling_table.py,next_item,function,661,record-only,SYMBOL_CANDIDATE
sched/scheduling_table.py,update,function,666,record-only,SYMBOL_CANDIDATE
sched/scheduling_table.py,get_plot_frame,function,670,record-only,SYMBOL_CANDIDATE
sched/scheduling_table.py,__eq__,function,677,record-only,SYMBOL_CANDIDATE
sched/scheduling_table.py,add_lock,function,683,record-only,SYMBOL_CANDIDATE
sched/scheduling_table.py,release_lock,function,692,record-only,SYMBOL_CANDIDATE
sched/scheduling_table.py,get_core_size,function,701,record-only,SYMBOL_CANDIDATE
sched/scheduling_table.py,__init__,function,930,record-only,SYMBOL_CANDIDATE
sched/scheduling_table.py,_new_bin,function,934,record-only,SYMBOL_CANDIDATE
sched/scheduling_table.py,init_bin_list,function,940,record-only,SYMBOL_CANDIDATE
sched/scheduling_table.py,init_gen,function,944,record-only,SYMBOL_CANDIDATE
sched/scheduling_table.py,pick,function,957,record-only,SYMBOL_CANDIDATE
sched/slack_estim.py,EstimCoreNums4Process,function,23,record-only,SYMBOL_CANDIDATE
sched/slack_estim.py,EstimCoreNums4Task,function,68,record-only,SYMBOL_CANDIDATE
sched/slack_estim.py,build_score_dict_ref_flops,function,101,record-only,SYMBOL_CANDIDATE
sched/slack_estim.py,DistributeSlack,function,107,record-only,SYMBOL_CANDIDATE
sched/slack_estim.py,rsc_slack_estim,function,198,record-only,SYMBOL_CANDIDATE
sched/slack_estim.py,get_chains,function,237,record-only,SYMBOL_CANDIDATE
sched/slack_estim.py,init_topo_time_attr,function,304,record-only,SYMBOL_CANDIDATE
sched/slack_estim.py,deduce_task_attrib,function,376,record-only,SYMBOL_CANDIDATE
sched/slack_estim.py,_fixcore_slack_estim,function,393,record-only,SYMBOL_CANDIDATE
sched/slack_estim.py,deduce_cfg2,function,428,record-only,SYMBOL_CANDIDATE
sched/slack_estim.py,update_taskattr_dict,function,470,record-only,SYMBOL_CANDIDATE
sched/slack_estim.py,get_chains_info,function,488,record-only,SYMBOL_CANDIDATE
sched/slack_estim.py,plot_timeline_graph,function,496,record-only,SYMBOL_CANDIDATE
sched/slack_estim.py,test,function,524,record-only,SYMBOL_CANDIDATE
sched/sort_function.py,get_target_bin_score,function,13,record-only,SYMBOL_CANDIDATE
sched/sort_function.py,get_process_sort,function,67,record-only,SYMBOL_CANDIDATE
sched/sort_function.py,sort_fn,function,75,record-only,SYMBOL_CANDIDATE
sched/state_trans.py,throttleToReady,function,27,record-only,SYMBOL_CANDIDATE
sched/state_trans.py,check_miss,function,48,record-only,SYMBOL_CANDIDATE
sched/state_trans.py,check_throttle,function,129,record-only,SYMBOL_CANDIDATE
sched/state_trans.py,check_complete,function,164,record-only,SYMBOL_CANDIDATE
sched/state_trans.py,release_rsc,function,295,record-only,SYMBOL_CANDIDATE
sched/state_trans.py,pendingToReady_cbs,function,389,record-only,SYMBOL_CANDIDATE
sched/state_trans.py,pendingToReady,function,444,record-only,SYMBOL_CANDIDATE
scripts/abla_exp_runner.py,_abla_load_configs,function,123,record-only,SYMBOL_CANDIDATE
scripts/abla_exp_runner.py,_filter_and_avg_by_load,function,127,record-only,SYMBOL_CANDIDATE
scripts/abla_exp_runner.py,_avg_latency_breakdown,function,156,record-only,SYMBOL_CANDIDATE
scripts/abla_exp_runner.py,_place_clustered_bar_labels,function,170,record-only,SYMBOL_CANDIDATE
scripts/abla_exp_runner.py,_plot_abla_overhead,function,204,record-only,SYMBOL_CANDIDATE
scripts/abla_exp_runner.py,_plot_abla_tradeoff,function,300,record-only,SYMBOL_CANDIDATE
scripts/abla_exp_runner.py,_case1_worker,function,396,record-only,SYMBOL_CANDIDATE
scripts/abla_exp_runner.py,_case2_worker,function,420,record-only,SYMBOL_CANDIDATE
scripts/abla_exp_runner.py,_case3_worker,function,453,record-only,SYMBOL_CANDIDATE
scripts/abla_exp_runner.py,AblaExp1Runner,class,495,record-only,SYMBOL_CANDIDATE
scripts/abla_exp_runner.py,AblaExp2Runner,class,722,record-only,SYMBOL_CANDIDATE
scripts/abla_exp_runner.py,AblaExp3Runner,class,884,record-only,SYMBOL_CANDIDATE
scripts/abla_exp_runner.py,parse_args,function,1119,record-only,SYMBOL_CANDIDATE
scripts/abla_exp_runner.py,main,function,1190,record-only,SYMBOL_CANDIDATE
scripts/abla_exp_runner.py,_get_realloc_ratio,function,136,record-only,SYMBOL_CANDIDATE
scripts/abla_exp_runner.py,_get_miss_ratio,function,141,record-only,SYMBOL_CANDIDATE
scripts/abla_exp_runner.py,__init__,function,498,record-only,SYMBOL_CANDIDATE
scripts/abla_exp_runner.py,run,function,509,record-only,SYMBOL_CANDIDATE
scripts/abla_exp_runner.py,_run_simulations,function,525,record-only,SYMBOL_CANDIDATE
scripts/abla_exp_runner.py,_generate_report,function,585,record-only,SYMBOL_CANDIDATE
scripts/abla_exp_runner.py,_plot_satisfy_projection,function,672,record-only,SYMBOL_CANDIDATE
scripts/abla_exp_runner.py,__init__,function,725,record-only,SYMBOL_CANDIDATE
scripts/abla_exp_runner.py,run,function,736,record-only,SYMBOL_CANDIDATE
scripts/abla_exp_runner.py,_run_simulations,function,751,record-only,SYMBOL_CANDIDATE
scripts/abla_exp_runner.py,_generate_report,function,817,record-only,SYMBOL_CANDIDATE
scripts/abla_exp_runner.py,__init__,function,887,record-only,SYMBOL_CANDIDATE
scripts/abla_exp_runner.py,_strength_points,function,909,record-only,SYMBOL_CANDIDATE
scripts/abla_exp_runner.py,run,function,919,record-only,SYMBOL_CANDIDATE
scripts/abla_exp_runner.py,_run_simulations,function,937,record-only,SYMBOL_CANDIDATE
scripts/abla_exp_runner.py,_generate_report,function,1017,record-only,SYMBOL_CANDIDATE
scripts/e2e_exp_runner.py,_e2e_worker,function,78,record-only,SYMBOL_CANDIDATE
scripts/e2e_exp_runner.py,load_best_params,function,110,record-only,SYMBOL_CANDIDATE
scripts/e2e_exp_runner.py,build_strategy_args,function,121,record-only,SYMBOL_CANDIDATE
scripts/e2e_exp_runner.py,round_to_step,function,164,record-only,SYMBOL_CANDIDATE
scripts/e2e_exp_runner.py,plot_grouped_bar,function,171,record-only,SYMBOL_CANDIDATE
scripts/e2e_exp_runner.py,plot_tradeoff_curve,function,229,record-only,SYMBOL_CANDIDATE
scripts/e2e_exp_runner.py,E2EExp3Runner,class,258,record-only,SYMBOL_CANDIDATE
scripts/e2e_exp_runner.py,E2EExp1Runner,class,372,record-only,SYMBOL_CANDIDATE
scripts/e2e_exp_runner.py,E2EExp4Runner,class,490,record-only,SYMBOL_CANDIDATE
scripts/e2e_exp_runner.py,E2EExp2Runner,class,583,record-only,SYMBOL_CANDIDATE
scripts/e2e_exp_runner.py,parse_args,function,701,record-only,SYMBOL_CANDIDATE
scripts/e2e_exp_runner.py,main,function,716,record-only,SYMBOL_CANDIDATE
scripts/e2e_exp_runner.py,__init__,function,261,record-only,SYMBOL_CANDIDATE
scripts/e2e_exp_runner.py,run,function,269,record-only,SYMBOL_CANDIDATE
scripts/e2e_exp_runner.py,_run_simulations,function,284,record-only,SYMBOL_CANDIDATE
scripts/e2e_exp_runner.py,_binary_search_min_cores,function,299,record-only,SYMBOL_CANDIDATE
scripts/e2e_exp_runner.py,_run_single,function,313,record-only,SYMBOL_CANDIDATE
scripts/e2e_exp_runner.py,_generate_report,function,330,record-only,SYMBOL_CANDIDATE
scripts/e2e_exp_runner.py,__init__,function,375,record-only,SYMBOL_CANDIDATE
scripts/e2e_exp_runner.py,run,function,384,record-only,SYMBOL_CANDIDATE
scripts/e2e_exp_runner.py,_run_simulations,function,398,record-only,SYMBOL_CANDIDATE
scripts/e2e_exp_runner.py,_generate_report,function,435,record-only,SYMBOL_CANDIDATE
scripts/e2e_exp_runner.py,__init__,function,493,record-only,SYMBOL_CANDIDATE
scripts/e2e_exp_runner.py,run,function,502,record-only,SYMBOL_CANDIDATE
scripts/e2e_exp_runner.py,_run_simulations,function,515,record-only,SYMBOL_CANDIDATE
scripts/e2e_exp_runner.py,_generate_report,function,550,record-only,SYMBOL_CANDIDATE
scripts/e2e_exp_runner.py,__init__,function,586,record-only,SYMBOL_CANDIDATE
scripts/e2e_exp_runner.py,run,function,595,record-only,SYMBOL_CANDIDATE
scripts/e2e_exp_runner.py,_run_simulations,function,609,record-only,SYMBOL_CANDIDATE
scripts/e2e_exp_runner.py,_generate_report,function,646,record-only,SYMBOL_CANDIDATE
scripts/e2e_hyperparam.py,_hyperparam_worker,function,53,record-only,SYMBOL_CANDIDATE
scripts/e2e_hyperparam.py,build_tasks,function,83,record-only,SYMBOL_CANDIDATE
scripts/e2e_hyperparam.py,select_best,function,153,record-only,SYMBOL_CANDIDATE
scripts/e2e_hyperparam.py,run_grid_search,function,171,record-only,SYMBOL_CANDIDATE
scripts/e2e_hyperparam.py,parse_args,function,259,record-only,SYMBOL_CANDIDATE
scripts/e2e_hyperparam.py,main,function,272,record-only,SYMBOL_CANDIDATE
scripts/exp_common.py,ParamTemplate,class,59,record-only,SYMBOL_CANDIDATE
scripts/exp_common.py,run_main_approach_inproc,function,99,record-only,SYMBOL_CANDIDATE
scripts/exp_common.py,group_by_key,function,137,record-only,SYMBOL_CANDIDATE
scripts/exp_common.py,compute_group_means,function,145,record-only,SYMBOL_CANDIDATE
scripts/exp_common.py,setup_dual_axis_plot,function,170,record-only,SYMBOL_CANDIDATE
scripts/exp_common.py,save_and_close_figure,function,177,record-only,SYMBOL_CANDIDATE
scripts/exp_common.py,add_value_labels,function,189,record-only,SYMBOL_CANDIDATE
scripts/exp_common.py,configure_zh_fonts,function,250,record-only,SYMBOL_CANDIDATE
scripts/exp_common.py,__init__,function,62,record-only,SYMBOL_CANDIDATE
scripts/exp_common.py,clone,function,67,record-only,SYMBOL_CANDIDATE
scripts/exp_common.py,with_updates,function,70,record-only,SYMBOL_CANDIDATE
scripts/exp_common.py,to_run_args,function,87,record-only,SYMBOL_CANDIDATE
scripts/motiv_exp_runner.py,_case1_worker,function,49,record-only,SYMBOL_CANDIDATE
scripts/motiv_exp_runner.py,_case2_worker,function,69,record-only,SYMBOL_CANDIDATE
scripts/motiv_exp_runner.py,_case3_worker,function,91,record-only,SYMBOL_CANDIDATE
scripts/motiv_exp_runner.py,MotivExp1Runner,class,112,record-only,SYMBOL_CANDIDATE
scripts/motiv_exp_runner.py,MotivExp2Runner,class,246,record-only,SYMBOL_CANDIDATE
scripts/motiv_exp_runner.py,MotivExp3Runner,class,396,record-only,SYMBOL_CANDIDATE
scripts/motiv_exp_runner.py,parse_args,function,600,record-only,SYMBOL_CANDIDATE
scripts/motiv_exp_runner.py,main,function,661,record-only,SYMBOL_CANDIDATE
scripts/motiv_exp_runner.py,__init__,function,115,record-only,SYMBOL_CANDIDATE
scripts/motiv_exp_runner.py,run,function,123,record-only,SYMBOL_CANDIDATE
scripts/motiv_exp_runner.py,_run_simulations,function,137,record-only,SYMBOL_CANDIDATE
scripts/motiv_exp_runner.py,_generate_report,function,176,record-only,SYMBOL_CANDIDATE
scripts/motiv_exp_runner.py,__init__,function,249,record-only,SYMBOL_CANDIDATE
scripts/motiv_exp_runner.py,run,function,264,record-only,SYMBOL_CANDIDATE
scripts/motiv_exp_runner.py,_run_simulations,function,279,record-only,SYMBOL_CANDIDATE
scripts/motiv_exp_runner.py,_generate_report,function,324,record-only,SYMBOL_CANDIDATE
scripts/motiv_exp_runner.py,__init__,function,399,record-only,SYMBOL_CANDIDATE
scripts/motiv_exp_runner.py,run,function,408,record-only,SYMBOL_CANDIDATE
scripts/motiv_exp_runner.py,_run_all_experiments,function,423,record-only,SYMBOL_CANDIDATE
scripts/motiv_exp_runner.py,_generate_report,function,476,record-only,SYMBOL_CANDIDATE
scripts/repack_sweep.py,_parse_extra_args,function,6,record-only,SYMBOL_CANDIDATE
scripts/repack_sweep.py,_parse_B_list,function,20,record-only,SYMBOL_CANDIDATE
scripts/repack_sweep.py,main,function,26,record-only,SYMBOL_CANDIDATE
sim_main.py,generate_bin_paths,function,36,record-only,SYMBOL_CANDIDATE
sim_main.py,compare_paths,function,73,record-only,SYMBOL_CANDIDATE
sim_main.py,ensure_csv,function,86,record-only,SYMBOL_CANDIDATE
sim_main.py,extract_pid2_bin_id,function,93,record-only,SYMBOL_CANDIDATE
sim_main.py,apply_forced_num_cores,function,104,record-only,SYMBOL_CANDIDATE
sim_main.py,render_bin_pack_plots,function,120,record-only,SYMBOL_CANDIDATE
sim_main.py,render_runtime_full_plot,function,155,record-only,SYMBOL_CANDIDATE
sim_main.py,prepare_induced_env_if_needed,function,174,record-only,SYMBOL_CANDIDATE
sim_main.py,build_paths_and_ctx,function,199,record-only,SYMBOL_CANDIDATE
sim_main.py,build_workload_and_criticality,function,241,record-only,SYMBOL_CANDIDATE
sim_main.py,determine_resource_config,function,263,record-only,SYMBOL_CANDIDATE
sim_main.py,create_scheduler_elements_with_config,function,343,record-only,SYMBOL_CANDIDATE
sim_main.py,build_simulation_env,function,390,record-only,SYMBOL_CANDIDATE
sim_main.py,perform_bin_packing,function,410,record-only,SYMBOL_CANDIDATE
sim_main.py,others,function,606,record-only,SYMBOL_CANDIDATE
sim_main.py,preprocess_args,function,692,record-only,SYMBOL_CANDIDATE
sim_main.py,main,function,726,record-only,SYMBOL_CANDIDATE
sim_main.py,create_common_scheduler_elements,function,871,record-only,SYMBOL_CANDIDATE
sim_main.py,get_trace_path,function,889,record-only,SYMBOL_CANDIDATE
sim_main.py,get_core_num_from_trace_name,function,903,record-only,SYMBOL_CANDIDATE
sim_main.py,check_max_bin_num,function,930,record-only,SYMBOL_CANDIDATE
sim_main.py,prepare_binpack_cfg,function,444,record-only,SYMBOL_CANDIDATE
simple_test_collector.py,SimpleTDigest,class,17,record-only,SYMBOL_CANDIDATE
simple_test_collector.py,time_gt,function,99,record-only,SYMBOL_CANDIDATE
simple_test_collector.py,elim_nume_error,function,103,record-only,SYMBOL_CANDIDATE
simple_test_collector.py,cal_cost,function,107,record-only,SYMBOL_CANDIDATE
simple_test_collector.py,SimpleStatisticsCollector,class,113,record-only,SYMBOL_CANDIDATE
simple_test_collector.py,run_comprehensive_test,function,603,record-only,SYMBOL_CANDIDATE
simple_test_collector.py,run_performance_test,function,832,record-only,SYMBOL_CANDIDATE
simple_test_collector.py,main,function,909,record-only,SYMBOL_CANDIDATE
simple_test_collector.py,__init__,function,20,record-only,SYMBOL_CANDIDATE
simple_test_collector.py,add,function,26,record-only,SYMBOL_CANDIDATE
simple_test_collector.py,get_mean,function,32,record-only,SYMBOL_CANDIDATE
simple_test_collector.py,percentile,function,38,record-only,SYMBOL_CANDIDATE
simple_test_collector.py,get_summary,function,44,record-only,SYMBOL_CANDIDATE
simple_test_collector.py,to_dict,function,70,record-only,SYMBOL_CANDIDATE
simple_test_collector.py,from_dict,function,80,record-only,SYMBOL_CANDIDATE
simple_test_collector.py,__add__,function,87,record-only,SYMBOL_CANDIDATE
simple_test_collector.py,__init__,function,118,record-only,SYMBOL_CANDIDATE
simple_test_collector.py,set_path,function,165,record-only,SYMBOL_CANDIDATE
simple_test_collector.py,set_motiv3_mode,function,169,record-only,SYMBOL_CANDIDATE
simple_test_collector.py,init_partition_stats,function,174,record-only,SYMBOL_CANDIDATE
simple_test_collector.py,record_task_start,function,185,record-only,SYMBOL_CANDIDATE
simple_test_collector.py,record_task_finish,function,189,record-only,SYMBOL_CANDIDATE
simple_test_collector.py,record_e2e_finish,function,218,record-only,SYMBOL_CANDIDATE
simple_test_collector.py,record_realloc,function,239,record-only,SYMBOL_CANDIDATE
simple_test_collector.py,record_realloc_num,function,254,record-only,SYMBOL_CANDIDATE
simple_test_collector.py,record_compute_progress,function,260,record-only,SYMBOL_CANDIDATE
simple_test_collector.py,record_period_load_arrival,function,265,record-only,SYMBOL_CANDIDATE
simple_test_collector.py,record_idle_capacity,function,270,record-only,SYMBOL_CANDIDATE
simple_test_collector.py,record_miss,function,276,record-only,SYMBOL_CANDIDATE
simple_test_collector.py,forward_hyperperiod,function,291,record-only,SYMBOL_CANDIDATE
simple_test_collector.py,_record_period_e2e_candidate,function,336,record-only,SYMBOL_CANDIDATE
simple_test_collector.py,_finalize_adaptive_bins,function,341,record-only,SYMBOL_CANDIDATE
simple_test_collector.py,_add_to_adaptive_bin,function,371,record-only,SYMBOL_CANDIDATE
simple_test_collector.py,_get_base_task_name,function,388,record-only,SYMBOL_CANDIDATE
simple_test_collector.py,get_motiv_case1_stats,function,395,record-only,SYMBOL_CANDIDATE
simple_test_collector.py,get_motiv_case2_stats,function,404,record-only,SYMBOL_CANDIDATE
simple_test_collector.py,get_motiv_case3_stats,function,421,record-only,SYMBOL_CANDIDATE
simple_test_collector.py,format_motiv_case1_output,function,444,record-only,SYMBOL_CANDIDATE
simple_test_collector.py,format_motiv_case2_output,function,463,record-only,SYMBOL_CANDIDATE
simple_test_collector.py,format_motiv_case3_output,function,480,record-only,SYMBOL_CANDIDATE
simple_test_collector.py,get_full_summary,function,495,record-only,SYMBOL_CANDIDATE
simple_test_collector.py,save_state,function,511,record-only,SYMBOL_CANDIDATE
simple_test_collector.py,load_state,function,555,record-only,SYMBOL_CANDIDATE
simple_test_collector.py,MyGraph,class,612,record-only,SYMBOL_CANDIDATE
simple_test_collector.py,MyGraph,class,841,record-only,SYMBOL_CANDIDATE
simple_test_collector.py,iter_pairs,function,278,record-only,SYMBOL_CANDIDATE
simple_test_collector.py,__init__,function,613,record-only,SYMBOL_CANDIDATE
simple_test_collector.py,successors,function,627,record-only,SYMBOL_CANDIDATE
simple_test_collector.py,__init__,function,842,record-only,SYMBOL_CANDIDATE
simple_test_collector.py,successors,function,852,record-only,SYMBOL_CANDIDATE
task/graph_breakdown.py,decompose_dag_into_chains,function,4,record-only,SYMBOL_CANDIDATE
task/graph_breakdown.py,sort_chains_by_ddl_flops,function,19,record-only,SYMBOL_CANDIDATE
task/graph_breakdown.py,test_decompose_dag_into_chains,function,22,record-only,SYMBOL_CANDIDATE
task/graph_breakdown.py,dfs,function,7,record-only,SYMBOL_CANDIDATE
task/graph_scaling.py,build_data_node_relationship,function,32,record-only,SYMBOL_CANDIDATE
task/graph_scaling.py,build_node_relationship,function,64,record-only,SYMBOL_CANDIDATE
task/spec.py,Spec,class,3,record-only,SYMBOL_CANDIDATE
task/spec.py,__init__,function,6,record-only,SYMBOL_CANDIDATE
task/spec.py,if_change,function,11,record-only,SYMBOL_CANDIDATE
task/spec.py,__str__,function,30,record-only,SYMBOL_CANDIDATE
task/task_agent.py,TaskState,class,58,record-only,SYMBOL_CANDIDATE
task/task_agent.py,ProcessBase,class,68,record-only,SYMBOL_CANDIDATE
task/task_agent.py,ProcessInt,class,510,record-only,SYMBOL_CANDIDATE
task/task_agent.py,TaskAttr,class,695,record-only,SYMBOL_CANDIDATE
task/task_agent.py,TaskIntAttr,class,722,record-only,SYMBOL_CANDIDATE
task/task_agent.py,TaskBase,class,743,record-only,SYMBOL_CANDIDATE
task/task_agent.py,TaskInt,class,1081,record-only,SYMBOL_CANDIDATE
task/task_agent.py,load_task_from_cfg,function,1225,record-only,SYMBOL_CANDIDATE
task/task_agent.py,__init__,function,69,record-only,SYMBOL_CANDIDATE
task/task_agent.py,update_from_sched_task,function,129,record-only,SYMBOL_CANDIDATE
task/task_agent.py,reset_state_vars,function,134,record-only,SYMBOL_CANDIDATE
task/task_agent.py,update_deadline,function,148,record-only,SYMBOL_CANDIDATE
task/task_agent.py,update_deadline_from_timestamp,function,157,record-only,SYMBOL_CANDIDATE
task/task_agent.py,get_timestamp,function,163,record-only,SYMBOL_CANDIDATE
task/task_agent.py,get_chain_deadline,function,166,record-only,SYMBOL_CANDIDATE
task/task_agent.py,state,function,173,record-only,SYMBOL_CANDIDATE
task/task_agent.py,state,function,177,record-only,SYMBOL_CANDIDATE
task/task_agent.py,set_state,function,183,record-only,SYMBOL_CANDIDATE
task/task_agent.py,get_state_name,function,192,record-only,SYMBOL_CANDIDATE
task/task_agent.py,check_depends,function,201,record-only,SYMBOL_CANDIDATE
task/task_agent.py,check_depends_data,function,239,record-only,SYMBOL_CANDIDATE
task/task_agent.py,get_upstream_ctx,function,264,record-only,SYMBOL_CANDIDATE
task/task_agent.py,get_downstream_ctx,function,281,record-only,SYMBOL_CANDIDATE
task/task_agent.py,get_trigger_ctx,function,287,record-only,SYMBOL_CANDIDATE
task/task_agent.py,build_ctx,function,297,record-only,SYMBOL_CANDIDATE
task/task_agent.py,update_ctx,function,308,record-only,SYMBOL_CANDIDATE
task/task_agent.py,sim_trigger,function,320,record-only,SYMBOL_CANDIDATE
task/task_agent.py,reset_depends,function,350,record-only,SYMBOL_CANDIDATE
task/task_agent.py,parse_name,function,374,record-only,SYMBOL_CANDIDATE
task/task_agent.py,pre_fork,function,381,record-only,SYMBOL_CANDIDATE
task/task_agent.py,p_fork,function,388,record-only,SYMBOL_CANDIDATE
task/task_agent.py,kill_fork,function,415,record-only,SYMBOL_CANDIDATE
task/task_agent.py,handle_process_load_var,function,431,record-only,SYMBOL_CANDIDATE
task/task_agent.py,ready_util,function,455,record-only,SYMBOL_CANDIDATE
task/task_agent.py,release_util,function,461,record-only,SYMBOL_CANDIDATE
task/task_agent.py,throttle_util,function,479,record-only,SYMBOL_CANDIDATE
task/task_agent.py,__init__,function,511,record-only,SYMBOL_CANDIDATE
task/task_agent.py,reset_state_vars,function,531,record-only,SYMBOL_CANDIDATE
task/task_agent.py,update_from_sched_task,function,540,record-only,SYMBOL_CANDIDATE
task/task_agent.py,rsc_req_estm,function,545,record-only,SYMBOL_CANDIDATE
task/task_agent.py,rsc_req_estm_quantile,function,563,record-only,SYMBOL_CANDIDATE
task/task_agent.py,quant_release_deadline,function,598,record-only,SYMBOL_CANDIDATE
task/task_agent.py,get_available_cfg,function,607,record-only,SYMBOL_CANDIDATE
task/task_agent.py,get_available_cfg_vector,function,652,record-only,SYMBOL_CANDIDATE
task/task_agent.py,__post_init__,function,740,record-only,SYMBOL_CANDIDATE
task/task_agent.py,__init__,function,744,record-only,SYMBOL_CANDIDATE
task/task_agent.py,update_sched_timing,function,835,record-only,SYMBOL_CANDIDATE
task/task_agent.py,ERT,function,843,record-only,SYMBOL_CANDIDATE
task/task_agent.py,ERT,function,849,record-only,SYMBOL_CANDIDATE
task/task_agent.py,ddl,function,853,record-only,SYMBOL_CANDIDATE
task/task_agent.py,ddl,function,859,record-only,SYMBOL_CANDIDATE
task/task_agent.py,exp_comp_t,function,863,record-only,SYMBOL_CANDIDATE
task/task_agent.py,exp_comp_t,function,869,record-only,SYMBOL_CANDIDATE
task/task_agent.py,make_process,function,872,record-only,SYMBOL_CANDIDATE
task/task_agent.py,add_event_trigger,function,878,record-only,SYMBOL_CANDIDATE
task/task_agent.py,__str__,function,881,record-only,SYMBOL_CANDIDATE
task/task_agent.py,print_stat,function,905,record-only,SYMBOL_CANDIDATE
task/task_agent.py,freq_division,function,912,record-only,SYMBOL_CANDIDATE
task/task_agent.py,gen_event_modA_endless,function,951,record-only,SYMBOL_CANDIDATE
task/task_agent.py,gen_event_modB_endless,function,963,record-only,SYMBOL_CANDIDATE
task/task_agent.py,gen_event_modA,function,991,record-only,SYMBOL_CANDIDATE
task/task_agent.py,gen_event_modB,function,1012,record-only,SYMBOL_CANDIDATE
task/task_agent.py,event_generator,function,1034,record-only,SYMBOL_CANDIDATE
task/task_agent.py,delegate_event_generator,function,1049,record-only,SYMBOL_CANDIDATE
task/task_agent.py,get_event_generator,function,1056,record-only,SYMBOL_CANDIDATE
task/task_agent.py,extract_sensor_event,function,1069,record-only,SYMBOL_CANDIDATE
task/task_agent.py,__init__,function,1082,record-only,SYMBOL_CANDIDATE
task/task_agent.py,update_sched_size,function,1126,record-only,SYMBOL_CANDIDATE
task/task_agent.py,set_task_name,function,1135,record-only,SYMBOL_CANDIDATE
task/task_agent.py,set_task_id,function,1138,record-only,SYMBOL_CANDIDATE
task/task_agent.py,get_release_time,function,1143,record-only,SYMBOL_CANDIDATE
task/task_agent.py,get_deadline_time,function,1146,record-only,SYMBOL_CANDIDATE
task/task_agent.py,get_release_event,function,1149,record-only,SYMBOL_CANDIDATE
task/task_agent.py,get_deadline_event,function,1154,record-only,SYMBOL_CANDIDATE
task/task_agent.py,get_finish_event,function,1159,record-only,SYMBOL_CANDIDATE
task/task_agent.py,get_available,function,1163,record-only,SYMBOL_CANDIDATE
task/task_agent.py,query_rsc,function,1202,record-only,SYMBOL_CANDIDATE
task/task_agent.py,is_stationary,function,1206,record-only,SYMBOL_CANDIDATE
task/task_agent.py,get_rsc,function,1209,record-only,SYMBOL_CANDIDATE
task/task_agent.py,__str__,function,1212,record-only,SYMBOL_CANDIDATE
task/task_agent.py,make_process,function,1218,record-only,SYMBOL_CANDIDATE
task/task_cfg.py,vis_task_static_timeline,function,84,record-only,SYMBOL_CANDIDATE
task/task_cfg.py,process_sink_nodes_for_full_mode,function,215,record-only,SYMBOL_CANDIDATE
task/task_cfg.py,creat_logical_graph,function,250,record-only,SYMBOL_CANDIDATE
task/task_cfg.py,export_json_graph_utils,function,321,record-only,SYMBOL_CANDIDATE
task/task_cfg.py,load_json_graph_utils,function,350,record-only,SYMBOL_CANDIDATE
task/task_cfg.py,creat_physical_graph,function,385,record-only,SYMBOL_CANDIDATE
task/task_cfg.py,creat_jobTask_graph,function,551,record-only,SYMBOL_CANDIDATE
task/task_cfg.py,load_taskint,function,698,record-only,SYMBOL_CANDIDATE
task/task_cfg.py,load_taskattrib,function,813,record-only,SYMBOL_CANDIDATE
task/task_cfg.py,decide_division_mod,function,912,record-only,SYMBOL_CANDIDATE
task/task_cfg.py,gen_taskint_from_cfg,function,915,record-only,SYMBOL_CANDIDATE
task/task_cfg.py,gen_workloads,function,1011,record-only,SYMBOL_CANDIDATE
task/task_cfg.py,extract_parallel_cfg,function,1114,record-only,SYMBOL_CANDIDATE
task/task_cfg.py,init_depen,function,1136,record-only,SYMBOL_CANDIDATE
task/task_cfg.py,init_affinity,function,1172,record-only,SYMBOL_CANDIDATE
task/task_cfg.py,redist_ert_dll,function,1245,record-only,SYMBOL_CANDIDATE
task/task_cfg.py,create_init_p_list,function,1271,record-only,SYMBOL_CANDIDATE
task/task_cfg.py,plot_workflow_g,function,1297,record-only,SYMBOL_CANDIDATE
task/task_cfg.py,GraphJSONEncoder,class,326,record-only,SYMBOL_CANDIDATE
task/task_cfg.py,restore_distributions,function,354,record-only,SYMBOL_CANDIDATE
task/task_cfg.py,default,function,328,record-only,SYMBOL_CANDIDATE
task/throughput_cnt.py,throughput_counter,function,1,record-only,SYMBOL_CANDIDATE
task/throughput_cnt.py,Tp_cnt_caller,function,14,record-only,SYMBOL_CANDIDATE
test_approach_collector.py,MockMyGraph,class,21,record-only,SYMBOL_CANDIDATE
test_approach_collector.py,mock_graph,function,48,record-only,SYMBOL_CANDIDATE
test_approach_collector.py,collector,function,53,record-only,SYMBOL_CANDIDATE
test_approach_collector.py,mock_plotting,function,58,record-only,SYMBOL_CANDIDATE
test_approach_collector.py,test_basic_functionality,function,77,record-only,SYMBOL_CANDIDATE
test_approach_collector.py,test_hyperperiod_statistics,function,121,record-only,SYMBOL_CANDIDATE
test_approach_collector.py,test_motiv_exp_specific_stats,function,158,record-only,SYMBOL_CANDIDATE
test_approach_collector.py,test_summary_generation,function,215,record-only,SYMBOL_CANDIDATE
test_approach_collector.py,test_formatted_output,function,244,record-only,SYMBOL_CANDIDATE
test_approach_collector.py,test_save_and_load_state,function,259,record-only,SYMBOL_CANDIDATE
test_approach_collector.py,test_edge_cases,function,286,record-only,SYMBOL_CANDIDATE
test_approach_collector.py,run_all_tests,function,308,record-only,SYMBOL_CANDIDATE
test_approach_collector.py,__init__,function,23,record-only,SYMBOL_CANDIDATE
test_approach_collector.py,successors,function,37,record-only,SYMBOL_CANDIDATE
test_approach_collector.py,mock_show,function,60,record-only,SYMBOL_CANDIDATE
test_approach_collector.py,mock_savefig,function,63,record-only,SYMBOL_CANDIDATE
test_closure_fix.py,test_closure_problem,function,9,record-only,SYMBOL_CANDIDATE
test_closure_fix.py,test_truncated_normal,function,76,record-only,SYMBOL_CANDIDATE
test_core_allocation.py,MockBin,class,13,record-only,SYMBOL_CANDIDATE
test_core_allocation.py,core_distr,function,24,record-only,SYMBOL_CANDIDATE
test_core_allocation.py,override_total_cores_old,function,41,record-only,SYMBOL_CANDIDATE
test_core_allocation.py,apply_forced_num_cores_old,function,76,record-only,SYMBOL_CANDIDATE
test_core_allocation.py,run_test,function,104,record-only,SYMBOL_CANDIDATE
test_core_allocation.py,__init__,function,14,record-only,SYMBOL_CANDIDATE
test_core_allocation.py,__repr__,function,18,record-only,SYMBOL_CANDIDATE
test_duplicate.py,test_duplicate_for_hyperperiod,function,13,record-only,SYMBOL_CANDIDATE
test_event_update.py,test_dynamic_event_update,function,9,record-only,SYMBOL_CANDIDATE
test_mapping.py,test_dynamic_mapping,function,9,record-only,SYMBOL_CANDIDATE
test_repack_diagnostic.py,create_test_args,function,17,record-only,SYMBOL_CANDIDATE
test_repack_diagnostic.py,run_repack_test,function,86,record-only,SYMBOL_CANDIDATE
test_repack_diagnostic.py,main,function,138,record-only,SYMBOL_CANDIDATE
test_updated_stats.py,test_updated_statistics,function,9,record-only,SYMBOL_CANDIDATE
tile_2d_mesh_mapper_fixed.py,Tile2DMeshMapper,class,7,record-only,SYMBOL_CANDIDATE
tile_2d_mesh_mapper_fixed.py,example_usage,function,244,record-only,SYMBOL_CANDIDATE
tile_2d_mesh_mapper_fixed.py,test_fixed_logic,function,273,record-only,SYMBOL_CANDIDATE
tile_2d_mesh_mapper_fixed.py,__init__,function,13,record-only,SYMBOL_CANDIDATE
tile_2d_mesh_mapper_fixed.py,manhattan_distance,function,30,record-only,SYMBOL_CANDIDATE
tile_2d_mesh_mapper_fixed.py,get_connected_tiles,function,34,record-only,SYMBOL_CANDIDATE
tile_2d_mesh_mapper_fixed.py,calculate_movement_cost,function,91,record-only,SYMBOL_CANDIDATE
tile_2d_mesh_mapper_fixed.py,calculate_priority_cost,function,115,record-only,SYMBOL_CANDIDATE
tile_2d_mesh_mapper_fixed.py,find_optimal_allocation,function,145,record-only,SYMBOL_CANDIDATE
tile_2d_mesh_mapper_fixed.py,get_allocation_summary,function,235,record-only,SYMBOL_CANDIDATE
utils.py,get_next_chunk_id,function,18,record-only,SYMBOL_CANDIDATE
utils.py,save_chunk,function,28,record-only,SYMBOL_CANDIDATE
utils.py,load_h5_file,function,47,record-only,SYMBOL_CANDIDATE
utils.py,dump_and_check,function,58,record-only,SYMBOL_CANDIDATE
utils.py,check_parents_path,function,72,record-only,SYMBOL_CANDIDATE
utils.py,load_pickle,function,78,record-only,SYMBOL_CANDIDATE
utils.py,Found,class,86,record-only,SYMBOL_CANDIDATE
utils.py,dict_type,function,89,record-only,SYMBOL_CANDIDATE
utils.py,input_parser,function,95,record-only,SYMBOL_CANDIDATE
utils.py,build_path_old,function,194,record-only,SYMBOL_CANDIDATE
utils.py,get_log_path_str,function,222,record-only,SYMBOL_CANDIDATE
utils.py,get_csv_path_str,function,225,record-only,SYMBOL_CANDIDATE
utils.py,get_cfg_n,function,228,record-only,SYMBOL_CANDIDATE
utils.py,get_case_path_str,function,244,record-only,SYMBOL_CANDIDATE
utils.py,time_cnt,function,264,record-only,SYMBOL_CANDIDATE
utils.py,update_df,function,284,record-only,SYMBOL_CANDIDATE
utils.py,pyinstr_profiler,function,307,record-only,SYMBOL_CANDIDATE
utils.py,csv_fmt_check,function,322,record-only,SYMBOL_CANDIDATE
utils.py,_normalize_path,function,336,record-only,SYMBOL_CANDIDATE
utils.py,check_paths_equal,function,341,record-only,SYMBOL_CANDIDATE
utils.py,core_distr,function,353,record-only,SYMBOL_CANDIDATE
utils.py,vectorized_core_allocation,function,369,record-only,SYMBOL_CANDIDATE
utils.py,time_decorator,function,265,record-only,SYMBOL_CANDIDATE
utils.py,pyinstr_profiler_decorator,function,308,record-only,SYMBOL_CANDIDATE
utils.py,wrapper,function,267,record-only,SYMBOL_CANDIDATE
utils.py,wrapper,function,310,record-only,SYMBOL_CANDIDATE
