aux_scale_factor,e2e_latency,wsc_slack_ratio,temporal_rda_ratio,lateness_mode,filename,num_cores,file_suffix,confidence,ddl_percentile,rt_percentile
6,0.09,0.75,0.05,all_soft,glb_dyn_e2e_trace,310,var_0.2,90.0,0.0819711956507499,0.090594536861875
6,0.09,0.75,0.05,all_soft,glb_dyn_e2e_trace,310,var_0.2,95.0,0.083179487536052,0.0947619573681249
6,0.09,0.75,0.05,all_soft,glb_dyn_e2e_trace,310,var_0.2,99.0,0.0858018143104645,0.097792051617675
6,0.09,0.75,0.05,all_soft,glb_dyn_e2e_trace,310,var_0.2,99.9,0.0871413915371714,0.0984226894338681
6,0.09,0.75,0.05,all_soft,glb_dyn_e2e_trace,310,var_0.2,99.99,0.0872753492598421,0.0984941409130117
6,0.09,0.75,0.05,all_soft,glb_dyn_e2e_trace,315,var_0.2,90.0,0.0823389723689166,0.0940012127089374
6,0.09,0.75,0.05,all_soft,glb_dyn_e2e_trace,315,var_0.2,95.0,0.0835276184022708,0.097943312300375
6,0.09,0.75,0.05,all_soft,glb_dyn_e2e_trace,315,var_0.2,99.0,0.0861182145431124,0.0990890844885687
6,0.09,0.75,0.05,all_soft,glb_dyn_e2e_trace,315,var_0.2,99.9,0.0864843100642487,0.0996855958342356
6,0.09,0.75,0.05,all_soft,glb_dyn_e2e_trace,315,var_0.2,99.99,0.0865209196163623,0.099764771797611
6,0.09,0.75,0.05,all_soft,glb_dyn_e2e_trace,320,var_0.2,90.0,0.0790455037101458,0.0841875442444375
6,0.09,0.75,0.05,all_soft,glb_dyn_e2e_trace,320,var_0.2,95.0,0.0809555390299479,0.0884965303397499
6,0.09,0.75,0.05,all_soft,glb_dyn_e2e_trace,320,var_0.2,99.0,0.0859242536875645,0.0902573784300812
6,0.09,0.75,0.05,all_soft,glb_dyn_e2e_trace,320,var_0.2,99.9,0.0871941485040689,0.0904797057003093
6,0.09,0.75,0.05,all_soft,glb_dyn_e2e_trace,320,var_0.2,99.99,0.0873211379857193,0.0904849944285308
6,0.09,0.75,0.05,all_soft,glb_dyn_e2e_trace,340,var_0.2,90.0,0.0820493717748333,0.0717307263389999
6,0.09,0.75,0.05,all_soft,glb_dyn_e2e_trace,340,var_0.2,95.0,0.0854296272198541,0.0771217039331875
6,0.09,0.75,0.05,all_soft,glb_dyn_e2e_trace,340,var_0.2,99.0,0.0882920332054978,0.0821979667275437
6,0.09,0.75,0.05,all_soft,glb_dyn_e2e_trace,340,var_0.2,99.9,0.0886662681861122,0.0823979810531249
6,0.09,0.75,0.05,all_soft,glb_dyn_e2e_trace,340,var_0.2,99.99,0.0887036916841736,0.0823979810531249
6,0.09,0.75,0.05,all_soft,glb_dyn_e2e_trace,360,var_0.2,90.0,0.0805924410300833,0.0519332914849375
6,0.09,0.75,0.05,all_soft,glb_dyn_e2e_trace,360,var_0.2,95.0,0.0837978638853333,0.0535034445999375
6,0.09,0.75,0.05,all_soft,glb_dyn_e2e_trace,360,var_0.2,99.0,0.0869735208811416,0.0576305657317311
6,0.09,0.75,0.05,all_soft,glb_dyn_e2e_trace,360,var_0.2,99.9,0.0879333718007391,0.0578951008074999
6,0.09,0.75,0.05,all_soft,glb_dyn_e2e_trace,360,var_0.2,99.99,0.0880293568926988,0.0578951008074999
6,0.09,0.75,0.05,all_soft,glb_dyn_e2e_trace,380,var_0.2,90.0,0.0789422719491666,0.0402092370206249
6,0.09,0.75,0.05,all_soft,glb_dyn_e2e_trace,380,var_0.2,95.0,0.0816515553044166,0.0422559894000937
6,0.09,0.75,0.05,all_soft,glb_dyn_e2e_trace,380,var_0.2,99.0,0.0862489585445416,0.0499698520088874
6,0.09,0.75,0.05,all_soft,glb_dyn_e2e_trace,380,var_0.2,99.9,0.0890156387855792,0.0504590843483905
6,0.09,0.75,0.05,all_soft,glb_dyn_e2e_trace,380,var_0.2,99.99,0.0892923068096828,0.050507362374839
6,0.09,0.75,0.05,all_soft,glb_dyn_e2e_trace,400,var_0.2,90.0,0.0732670846341249,0.0275098318559999
6,0.09,0.75,0.05,all_soft,glb_dyn_e2e_trace,400,var_0.2,95.0,0.0772498027397082,0.029009831225
6,0.09,0.75,0.05,all_soft,glb_dyn_e2e_trace,400,var_0.2,99.0,0.0828592731313083,0.03047424786645
6,0.09,0.75,0.05,all_soft,glb_dyn_e2e_trace,400,var_0.2,99.9,0.0861758381393841,0.0308365181103424
6,0.09,0.75,0.05,all_soft,glb_dyn_e2e_trace,400,var_0.2,99.99,0.0865434784761883,0.0308679206822217
6,0.09,0.75,0.05,all_soft,glb_dyn_e2e_trace,405,var_0.2,90.0,0.071080361312375,0.0270497641394999
6,0.09,0.75,0.05,all_soft,glb_dyn_e2e_trace,405,var_0.2,95.0,0.0751713554962916,0.0275457523457499
6,0.09,0.75,0.05,all_soft,glb_dyn_e2e_trace,405,var_0.2,99.0,0.0792681073979833,0.0281024709021125
6,0.09,0.75,0.05,all_soft,glb_dyn_e2e_trace,405,var_0.2,99.9,0.081979235766105,0.0282906619764949
6,0.09,0.75,0.05,all_soft,glb_dyn_e2e_trace,405,var_0.2,99.99,0.0822885848091104,0.0283040924051494
6,0.09,0.75,0.05,all_soft,glb_dyn_e2e_trace,410,var_0.2,90.0,0.0644769413281249,0.0247351154206249
6,0.09,0.75,0.05,all_soft,glb_dyn_e2e_trace,410,var_0.2,95.0,0.0677679143309166,0.0258993880024687
6,0.09,0.75,0.05,all_soft,glb_dyn_e2e_trace,410,var_0.2,99.0,0.0734914603971083,0.0265167686524999
6,0.09,0.75,0.05,all_soft,glb_dyn_e2e_trace,410,var_0.2,99.9,0.0770263756276792,0.0270697114816068
6,0.09,0.75,0.05,all_soft,glb_dyn_e2e_trace,410,var_0.2,99.99,0.0773908829568928,0.0271527496870981
6,0.09,0.75,0.05,all_soft,glb_dyn_e2e_trace,415,var_0.2,90.0,0.0630676187416666,0.0240735754941249
6,0.09,0.75,0.05,all_soft,glb_dyn_e2e_trace,415,var_0.2,95.0,0.0664435537393749,0.0253613970793749
6,0.09,0.75,0.05,all_soft,glb_dyn_e2e_trace,415,var_0.2,99.0,0.0724251948467166,0.026160573855
6,0.09,0.75,0.05,all_soft,glb_dyn_e2e_trace,415,var_0.2,99.9,0.0759847406327916,0.0265687058809424
6,0.09,0.75,0.05,all_soft,glb_dyn_e2e_trace,415,var_0.2,99.99,0.076341415443029,0.0266299971198442
6,0.09,0.75,0.05,all_soft,glb_dyn_e2e_trace,420,var_0.2,90.0,0.0556216515587916,0.0241501834741249
6,0.09,0.75,0.05,all_soft,glb_dyn_e2e_trace,420,var_0.2,95.0,0.0595026080220416,0.0253045408306562
6,0.09,0.75,0.05,all_soft,glb_dyn_e2e_trace,420,var_0.2,99.0,0.0626738228586749,0.0262766914424999
6,0.09,0.75,0.05,all_soft,glb_dyn_e2e_trace,420,var_0.2,99.9,0.0634262091086783,0.0266462460617606
6,0.09,0.75,0.05,all_soft,glb_dyn_e2e_trace,420,var_0.2,99.99,0.0634990397163053,0.0267017439374885
6,0.09,0.75,0.05,all_soft,glb_dyn_e2e_trace,440,var_0.2,90.0,0.0482732378581249,0.0203876894864375
6,0.09,0.75,0.05,all_soft,glb_dyn_e2e_trace,440,var_0.2,95.0,0.0509519686924583,0.0239002589632499
6,0.09,0.75,0.05,all_soft,glb_dyn_e2e_trace,440,var_0.2,99.0,0.05413351946525,0.0248956827986812
6,0.09,0.75,0.05,all_soft,glb_dyn_e2e_trace,440,var_0.2,99.9,0.0567630332004792,0.0249262571362499
6,0.09,0.75,0.05,all_soft,glb_dyn_e2e_trace,440,var_0.2,99.99,0.0570599211262353,0.0249262571362499
6,0.09,0.75,0.05,all_soft,dynamic_e2e_trace,310,var_0.2,90.0,0.0898103649118749,0.09716054359625
6,0.09,0.75,0.05,all_soft,dynamic_e2e_trace,310,var_0.2,95.0,0.0898182069468749,0.0992709074684374
6,0.09,0.75,0.05,all_soft,dynamic_e2e_trace,310,var_0.2,99.0,0.0898828800094666,0.0998834600354937
6,0.09,0.75,0.05,all_soft,dynamic_e2e_trace,310,var_0.2,99.9,0.0899006202804166,0.0999094821447487
6,0.09,0.75,0.05,all_soft,dynamic_e2e_trace,310,var_0.2,99.99,0.0899006202804166,0.0999128397519123
6,0.09,0.75,0.05,all_soft,dynamic_e2e_trace,315,var_0.2,90.0,0.0898077714933749,0.0972584516196875
6,0.09,0.75,0.05,all_soft,dynamic_e2e_trace,315,var_0.2,95.0,0.0898110441562499,0.0996873932661874
6,0.09,0.75,0.05,all_soft,dynamic_e2e_trace,315,var_0.2,99.0,0.0898381627504625,0.0999150606300562
6,0.09,0.75,0.05,all_soft,dynamic_e2e_trace,315,var_0.2,99.9,0.0898484430129166,0.0999874708942981
6,0.09,0.75,0.05,all_soft,dynamic_e2e_trace,315,var_0.2,99.99,0.0898484430129166,0.0999981357694922
6,0.09,0.75,0.05,all_soft,dynamic_e2e_trace,320,var_0.2,90.0,0.0898107724584999,0.0968983358046875
6,0.09,0.75,0.05,all_soft,dynamic_e2e_trace,320,var_0.2,95.0,0.0898182069468749,0.0972533357795937
6,0.09,0.75,0.05,all_soft,dynamic_e2e_trace,320,var_0.2,99.0,0.0899080881165166,0.0997774389103062
6,0.09,0.75,0.05,all_soft,dynamic_e2e_trace,320,var_0.2,99.9,0.0899156251060416,0.0999094821447487
6,0.09,0.75,0.05,all_soft,dynamic_e2e_trace,320,var_0.2,99.99,0.0899156251060416,0.0999128397519123
6,0.09,0.75,0.05,all_soft,dynamic_e2e_trace,340,var_0.2,90.0,0.0898107724584999,0.0965029926116874
6,0.09,0.75,0.05,all_soft,dynamic_e2e_trace,340,var_0.2,95.0,0.0898182069468749,0.0968061425688749
6,0.09,0.75,0.05,all_soft,dynamic_e2e_trace,340,var_0.2,99.0,0.0899053477222291,0.0972531455911687
6,0.09,0.75,0.05,all_soft,dynamic_e2e_trace,340,var_0.2,99.9,0.0899077830710416,0.0972595761778156
6,0.09,0.75,0.05,all_soft,dynamic_e2e_trace,340,var_0.2,99.99,0.0899077830710416,0.097260498028969
6,0.09,0.75,0.05,all_soft,dynamic_e2e_trace,360,var_0.2,90.0,0.089803881365625,0.0939595388193749
6,0.09,0.75,0.05,all_soft,dynamic_e2e_trace,360,var_0.2,95.0,0.0898110441562499,0.0945046323310937
6,0.09,0.75,0.05,all_soft,dynamic_e2e_trace,360,var_0.2,99.0,0.0898182069468749,0.0972575204569062
6,0.09,0.75,0.05,all_soft,dynamic_e2e_trace,360,var_0.2,99.9,0.0898182069468749,0.0995338892515375
6,0.09,0.75,0.05,all_soft,dynamic_e2e_trace,360,var_0.2,99.99,0.0898182069468749,0.0998752804625912
6,0.09,0.75,0.05,all_soft,dynamic_e2e_trace,380,var_0.2,90.0,0.089803881365625,0.0939595388193749
6,0.09,0.75,0.05,all_soft,dynamic_e2e_trace,380,var_0.2,95.0,0.0898110441562499,0.0939595388193749
6,0.09,0.75,0.05,all_soft,dynamic_e2e_trace,380,var_0.2,99.0,0.0898182069468749,0.0972531455911687
6,0.09,0.75,0.05,all_soft,dynamic_e2e_trace,380,var_0.2,99.9,0.0898182069468749,0.0972595761778156
6,0.09,0.75,0.05,all_soft,dynamic_e2e_trace,380,var_0.2,99.99,0.0898182069468749,0.097260498028969
6,0.09,0.75,0.05,all_soft,dynamic_e2e_trace,400,var_0.2,90.0,0.089803881365625,0.0939562970462499
6,0.09,0.75,0.05,all_soft,dynamic_e2e_trace,400,var_0.2,95.0,0.0898110441562499,0.0939595388193749
6,0.09,0.75,0.05,all_soft,dynamic_e2e_trace,400,var_0.2,99.0,0.0898182069468749,0.0939595388193749
6,0.09,0.75,0.05,all_soft,dynamic_e2e_trace,400,var_0.2,99.9,0.0898182069468749,0.0939595388193749
6,0.09,0.75,0.05,all_soft,dynamic_e2e_trace,400,var_0.2,99.99,0.0898182069468749,0.0939595388193749
6,0.09,0.75,0.05,all_soft,dynamic_e2e_trace,405,var_0.2,90.0,0.089803881365625,0.0939562970462499
6,0.09,0.75,0.05,all_soft,dynamic_e2e_trace,405,var_0.2,95.0,0.0898110441562499,0.0939595388193749
6,0.09,0.75,0.05,all_soft,dynamic_e2e_trace,405,var_0.2,99.0,0.0898182069468749,0.0939595388193749
6,0.09,0.75,0.05,all_soft,dynamic_e2e_trace,405,var_0.2,99.9,0.0898182069468749,0.0939595388193749
6,0.09,0.75,0.05,all_soft,dynamic_e2e_trace,405,var_0.2,99.99,0.0898182069468749,0.0939595388193749
6,0.09,0.75,0.05,all_soft,dynamic_e2e_trace,410,var_0.2,90.0,0.089803881365625,0.0939562970462499
6,0.09,0.75,0.05,all_soft,dynamic_e2e_trace,410,var_0.2,95.0,0.0898110441562499,0.0939595388193749
6,0.09,0.75,0.05,all_soft,dynamic_e2e_trace,410,var_0.2,99.0,0.0898182069468749,0.0939595388193749
6,0.09,0.75,0.05,all_soft,dynamic_e2e_trace,410,var_0.2,99.9,0.0898182069468749,0.0939595388193749
6,0.09,0.75,0.05,all_soft,dynamic_e2e_trace,410,var_0.2,99.99,0.0898182069468749,0.0939595388193749
6,0.09,0.75,0.05,all_soft,dynamic_e2e_trace,415,var_0.2,90.0,0.089803881365625,0.0939562970462499
6,0.09,0.75,0.05,all_soft,dynamic_e2e_trace,415,var_0.2,95.0,0.0898110441562499,0.0939595388193749
6,0.09,0.75,0.05,all_soft,dynamic_e2e_trace,415,var_0.2,99.0,0.0898182069468749,0.0939595388193749
6,0.09,0.75,0.05,all_soft,dynamic_e2e_trace,415,var_0.2,99.9,0.0898182069468749,0.0939595388193749
6,0.09,0.75,0.05,all_soft,dynamic_e2e_trace,415,var_0.2,99.99,0.0898182069468749,0.0939595388193749
6,0.09,0.75,0.05,all_soft,dynamic_e2e_trace,420,var_0.2,90.0,0.089803881365625,0.0939562970462499
6,0.09,0.75,0.05,all_soft,dynamic_e2e_trace,420,var_0.2,95.0,0.0898110441562499,0.0939595388193749
6,0.09,0.75,0.05,all_soft,dynamic_e2e_trace,420,var_0.2,99.0,0.0898182069468749,0.0939595388193749
6,0.09,0.75,0.05,all_soft,dynamic_e2e_trace,420,var_0.2,99.9,0.0898182069468749,0.0939595388193749
6,0.09,0.75,0.05,all_soft,dynamic_e2e_trace,420,var_0.2,99.99,0.0898182069468749,0.0939595388193749
6,0.09,0.75,0.05,all_soft,dynamic_e2e_trace,440,var_0.2,90.0,0.089803881365625,0.0939562970462499
6,0.09,0.75,0.05,all_soft,dynamic_e2e_trace,440,var_0.2,95.0,0.0898110441562499,0.0939595388193749
6,0.09,0.75,0.05,all_soft,dynamic_e2e_trace,440,var_0.2,99.0,0.0898182069468749,0.0939595388193749
6,0.09,0.75,0.05,all_soft,dynamic_e2e_trace,440,var_0.2,99.9,0.0898182069468749,0.0939595388193749
6,0.09,0.75,0.05,all_soft,dynamic_e2e_trace,440,var_0.2,99.99,0.0898182069468749,0.0939595388193749
6,0.09,0.75,0.05,all_soft,glb_dyn_e2e_trace,310,,90.0,0.0817342778962291,0.0917189787313749
6,0.09,0.75,0.05,all_soft,glb_dyn_e2e_trace,310,,95.0,0.0840602071313958,0.0961434834666562
6,0.09,0.75,0.05,all_soft,glb_dyn_e2e_trace,310,,99.0,0.0862232483224874,0.0976482856253499
6,0.09,0.75,0.05,all_soft,glb_dyn_e2e_trace,310,,99.9,0.0871700305953112,0.0979579852262499
6,0.09,0.75,0.05,all_soft,glb_dyn_e2e_trace,310,,99.99,0.0872647088225936,0.0979579852262499
6,0.09,0.75,0.05,all_soft,glb_dyn_e2e_trace,315,,90.0,0.0789478138532291,0.0852170636107499
6,0.09,0.75,0.05,all_soft,glb_dyn_e2e_trace,315,,95.0,0.0807767135055624,0.0882632053012811
6,0.09,0.75,0.05,all_soft,glb_dyn_e2e_trace,315,,99.0,0.0857527485306708,0.0920904982138499
6,0.09,0.75,0.05,all_soft,glb_dyn_e2e_trace,315,,99.9,0.0870284502146921,0.0927083669234362
6,0.09,0.75,0.05,all_soft,glb_dyn_e2e_trace,315,,99.99,0.0871560203830941,0.092774025039406
6,0.09,0.75,0.05,all_soft,glb_dyn_e2e_trace,320,,90.0,0.0767757338821875,0.080173105035125
6,0.09,0.75,0.05,all_soft,glb_dyn_e2e_trace,320,,95.0,0.0807492226776041,0.0838136863508437
6,0.09,0.75,0.05,all_soft,glb_dyn_e2e_trace,320,,99.0,0.0860420415687208,0.0885727668943249
6,0.09,0.75,0.05,all_soft,glb_dyn_e2e_trace,320,,99.9,0.0873409707228096,0.089280829610743
6,0.09,0.75,0.05,all_soft,glb_dyn_e2e_trace,320,,99.99,0.0874708636382184,0.0893522810898867
6,0.09,0.75,0.05,all_soft,glb_dyn_e2e_trace,340,,90.0,0.0292439523135416,0.0178507655749999
6,0.09,0.75,0.05,all_soft,glb_dyn_e2e_trace,340,,95.0,0.0353903883898958,0.0178689936564062
6,0.09,0.75,0.05,all_soft,glb_dyn_e2e_trace,340,,99.0,0.0393046516687374,0.0178926228605437
6,0.09,0.75,0.05,all_soft,glb_dyn_e2e_trace,340,,99.9,0.0393110900326687,0.0178990534471906
6,0.09,0.75,0.05,all_soft,glb_dyn_e2e_trace,340,,99.99,0.0393118765070793,0.017899975298344
6,0.09,0.75,0.05,all_soft,glb_dyn_e2e_trace,360,,90.0,0.0272633153310416,0.0166323058098124
6,0.09,0.75,0.05,all_soft,glb_dyn_e2e_trace,360,,95.0,0.0337863725305833,0.0166475144087499
6,0.09,0.75,0.05,all_soft,glb_dyn_e2e_trace,360,,99.0,0.0376991353268624,0.0166622271592937
6,0.09,0.75,0.05,all_soft,glb_dyn_e2e_trace,360,,99.9,0.0377055736907937,0.0166686577459406
6,0.09,0.75,0.05,all_soft,glb_dyn_e2e_trace,360,,99.99,0.0377063601652043,0.016669579597094
6,0.09,0.75,0.05,all_soft,glb_dyn_e2e_trace,380,,90.0,0.0263330161422916,0.0155795474811249
6,0.09,0.75,0.05,all_soft,glb_dyn_e2e_trace,380,,95.0,0.0323609140962083,0.0155964973706249
6,0.09,0.75,0.05,all_soft,glb_dyn_e2e_trace,380,,99.0,0.0362736768924875,0.0156131842313124
6,0.09,0.75,0.05,all_soft,glb_dyn_e2e_trace,380,,99.9,0.0362801152564187,0.0156193442312499
6,0.09,0.75,0.05,all_soft,glb_dyn_e2e_trace,380,,99.99,0.0362809017308293,0.0156193442312499
6,0.09,0.75,0.05,all_soft,glb_dyn_e2e_trace,400,,90.0,0.0255077507329166,0.0146718913796874
6,0.09,0.75,0.05,all_soft,glb_dyn_e2e_trace,400,,95.0,0.0310704990924582,0.014681882251875
6,0.09,0.75,0.05,all_soft,glb_dyn_e2e_trace,400,,99.0,0.0349832618887374,0.0146965950024187
6,0.09,0.75,0.05,all_soft,glb_dyn_e2e_trace,400,,99.9,0.0349897002526687,0.0147030255890656
6,0.09,0.75,0.05,all_soft,glb_dyn_e2e_trace,400,,99.99,0.0349904867270793,0.014703947440219
6,0.09,0.75,0.05,all_soft,glb_dyn_e2e_trace,405,,90.0,0.0253276928254166,0.0144391807336249
6,0.09,0.75,0.05,all_soft,glb_dyn_e2e_trace,405,,95.0,0.0307787880104583,0.0144628982395312
6,0.09,0.75,0.05,all_soft,glb_dyn_e2e_trace,405,,99.0,0.0346962140110749,0.0144758974837812
6,0.09,0.75,0.05,all_soft,glb_dyn_e2e_trace,405,,99.9,0.0347045256979799,0.0144789774837499
6,0.09,0.75,0.05,all_soft,glb_dyn_e2e_trace,405,,99.99,0.0347053867534229,0.0144789774837499
6,0.09,0.75,0.05,all_soft,glb_dyn_e2e_trace,410,,90.0,0.0251476349179166,0.0141793564423125
6,0.09,0.75,0.05,all_soft,glb_dyn_e2e_trace,410,,95.0,0.0304923687245833,0.0142539050993749
6,0.09,0.75,0.05,all_soft,glb_dyn_e2e_trace,410,,99.0,0.0344109728904374,0.0142699127156874
6,0.09,0.75,0.05,all_soft,glb_dyn_e2e_trace,410,,99.9,0.0344131450809362,0.0142766548280543
6,0.09,0.75,0.05,all_soft,glb_dyn_e2e_trace,410,,99.99,0.0344132196619686,0.0142767422468054
6,0.09,0.75,0.05,all_soft,glb_dyn_e2e_trace,415,,90.0,0.0249675770104166,0.0140121545232499
6,0.09,0.75,0.05,all_soft,glb_dyn_e2e_trace,415,,95.0,0.0301864740551458,0.0140416887034374
6,0.09,0.75,0.05,all_soft,glb_dyn_e2e_trace,415,,99.0,0.034104243397925,0.0140742343611687
6,0.09,0.75,0.05,all_soft,glb_dyn_e2e_trace,415,,99.9,0.0341185465059624,0.0140806649478156
6,0.09,0.75,0.05,all_soft,glb_dyn_e2e_trace,415,,99.99,0.0341201194547837,0.014081586798969
6,0.09,0.75,0.05,all_soft,glb_dyn_e2e_trace,420,,90.0,0.0248025239285416,0.0138409327724999
6,0.09,0.75,0.05,all_soft,glb_dyn_e2e_trace,420,,95.0,0.0299221853508333,0.0138487748074999
6,0.09,0.75,0.05,all_soft,glb_dyn_e2e_trace,420,,99.0,0.0338407895166874,0.0138566168424999
6,0.09,0.75,0.05,all_soft,glb_dyn_e2e_trace,420,,99.9,0.0338429617071862,0.0138627553540656
6,0.09,0.75,0.05,all_soft,glb_dyn_e2e_trace,420,,99.99,0.0338430362882186,0.013863677205219
6,0.09,0.75,0.05,all_soft,glb_dyn_e2e_trace,440,,90.0,0.0288875686617708,0.013099212770625
6,0.09,0.75,0.05,all_soft,glb_dyn_e2e_trace,440,,95.0,0.0327920275368749,0.0131063755612499
6,0.09,0.75,0.05,all_soft,glb_dyn_e2e_trace,440,,99.0,0.032799869571875,0.0131510979630437
6,0.09,0.75,0.05,all_soft,glb_dyn_e2e_trace,440,,99.9,0.032799869571875,0.0131575285496906
6,0.09,0.75,0.05,all_soft,glb_dyn_e2e_trace,440,,99.99,0.032799869571875,0.013158450400844
6,0.09,0.75,0.05,all_soft,dynamic_e2e_trace,310,,90.0,0.0898103649118749,0.09716054359625
6,0.09,0.75,0.05,all_soft,dynamic_e2e_trace,310,,95.0,0.0898182069468749,0.0992709074684374
6,0.09,0.75,0.05,all_soft,dynamic_e2e_trace,310,,99.0,0.0898828800094666,0.0998834600354937
6,0.09,0.75,0.05,all_soft,dynamic_e2e_trace,310,,99.9,0.0899006202804166,0.0999094821447487
6,0.09,0.75,0.05,all_soft,dynamic_e2e_trace,310,,99.99,0.0899006202804166,0.0999128397519123
6,0.09,0.75,0.05,all_soft,dynamic_e2e_trace,315,,90.0,0.0898077714933749,0.0972584516196875
6,0.09,0.75,0.05,all_soft,dynamic_e2e_trace,315,,95.0,0.0898110441562499,0.0996873932661874
6,0.09,0.75,0.05,all_soft,dynamic_e2e_trace,315,,99.0,0.0898381627504625,0.0999150606300562
6,0.09,0.75,0.05,all_soft,dynamic_e2e_trace,315,,99.9,0.0898484430129166,0.0999874708942981
6,0.09,0.75,0.05,all_soft,dynamic_e2e_trace,315,,99.99,0.0898484430129166,0.0999981357694922
6,0.09,0.75,0.05,all_soft,dynamic_e2e_trace,320,,90.0,0.0898107724584999,0.0968983358046875
6,0.09,0.75,0.05,all_soft,dynamic_e2e_trace,320,,95.0,0.0898182069468749,0.0972533357795937
6,0.09,0.75,0.05,all_soft,dynamic_e2e_trace,320,,99.0,0.0899080881165166,0.0997774389103062
6,0.09,0.75,0.05,all_soft,dynamic_e2e_trace,320,,99.9,0.0899156251060416,0.0999094821447487
6,0.09,0.75,0.05,all_soft,dynamic_e2e_trace,320,,99.99,0.0899156251060416,0.0999128397519123
6,0.09,0.75,0.05,all_soft,dynamic_e2e_trace,340,,90.0,0.0898107724584999,0.0965029926116874
6,0.09,0.75,0.05,all_soft,dynamic_e2e_trace,340,,95.0,0.0898182069468749,0.0968061425688749
6,0.09,0.75,0.05,all_soft,dynamic_e2e_trace,340,,99.0,0.0899053477222291,0.0972531455911687
6,0.09,0.75,0.05,all_soft,dynamic_e2e_trace,340,,99.9,0.0899077830710416,0.0972595761778156
6,0.09,0.75,0.05,all_soft,dynamic_e2e_trace,340,,99.99,0.0899077830710416,0.097260498028969
6,0.09,0.75,0.05,all_soft,dynamic_e2e_trace,360,,90.0,0.089803881365625,0.0939595388193749
6,0.09,0.75,0.05,all_soft,dynamic_e2e_trace,360,,95.0,0.0898110441562499,0.0945046323310937
6,0.09,0.75,0.05,all_soft,dynamic_e2e_trace,360,,99.0,0.0898182069468749,0.0972575204569062
6,0.09,0.75,0.05,all_soft,dynamic_e2e_trace,360,,99.9,0.0898182069468749,0.0995338892515375
6,0.09,0.75,0.05,all_soft,dynamic_e2e_trace,360,,99.99,0.0898182069468749,0.0998752804625912
6,0.09,0.75,0.05,all_soft,dynamic_e2e_trace,380,,90.0,0.089803881365625,0.0939595388193749
6,0.09,0.75,0.05,all_soft,dynamic_e2e_trace,380,,95.0,0.0898110441562499,0.0939595388193749
6,0.09,0.75,0.05,all_soft,dynamic_e2e_trace,380,,99.0,0.0898182069468749,0.0972531455911687
6,0.09,0.75,0.05,all_soft,dynamic_e2e_trace,380,,99.9,0.0898182069468749,0.0972595761778156
6,0.09,0.75,0.05,all_soft,dynamic_e2e_trace,380,,99.99,0.0898182069468749,0.097260498028969
6,0.09,0.75,0.05,all_soft,dynamic_e2e_trace,400,,90.0,0.089803881365625,0.0939562970462499
6,0.09,0.75,0.05,all_soft,dynamic_e2e_trace,400,,95.0,0.0898110441562499,0.0939595388193749
6,0.09,0.75,0.05,all_soft,dynamic_e2e_trace,400,,99.0,0.0898182069468749,0.0939595388193749
6,0.09,0.75,0.05,all_soft,dynamic_e2e_trace,400,,99.9,0.0898182069468749,0.0939595388193749
6,0.09,0.75,0.05,all_soft,dynamic_e2e_trace,400,,99.99,0.0898182069468749,0.0939595388193749
6,0.09,0.75,0.05,all_soft,dynamic_e2e_trace,405,,90.0,0.089803881365625,0.0939562970462499
6,0.09,0.75,0.05,all_soft,dynamic_e2e_trace,405,,95.0,0.0898110441562499,0.0939595388193749
6,0.09,0.75,0.05,all_soft,dynamic_e2e_trace,405,,99.0,0.0898182069468749,0.0939595388193749
6,0.09,0.75,0.05,all_soft,dynamic_e2e_trace,405,,99.9,0.0898182069468749,0.0939595388193749
6,0.09,0.75,0.05,all_soft,dynamic_e2e_trace,405,,99.99,0.0898182069468749,0.0939595388193749
6,0.09,0.75,0.05,all_soft,dynamic_e2e_trace,410,,90.0,0.089803881365625,0.0939562970462499
6,0.09,0.75,0.05,all_soft,dynamic_e2e_trace,410,,95.0,0.0898110441562499,0.0939595388193749
6,0.09,0.75,0.05,all_soft,dynamic_e2e_trace,410,,99.0,0.0898182069468749,0.0939595388193749
6,0.09,0.75,0.05,all_soft,dynamic_e2e_trace,410,,99.9,0.0898182069468749,0.0939595388193749
6,0.09,0.75,0.05,all_soft,dynamic_e2e_trace,410,,99.99,0.0898182069468749,0.0939595388193749
6,0.09,0.75,0.05,all_soft,dynamic_e2e_trace,415,,90.0,0.089803881365625,0.0939562970462499
6,0.09,0.75,0.05,all_soft,dynamic_e2e_trace,415,,95.0,0.0898110441562499,0.0939595388193749
6,0.09,0.75,0.05,all_soft,dynamic_e2e_trace,415,,99.0,0.0898182069468749,0.0939595388193749
6,0.09,0.75,0.05,all_soft,dynamic_e2e_trace,415,,99.9,0.0898182069468749,0.0939595388193749
6,0.09,0.75,0.05,all_soft,dynamic_e2e_trace,415,,99.99,0.0898182069468749,0.0939595388193749
6,0.09,0.75,0.05,all_soft,dynamic_e2e_trace,420,,90.0,0.089803881365625,0.0939562970462499
6,0.09,0.75,0.05,all_soft,dynamic_e2e_trace,420,,95.0,0.0898110441562499,0.0939595388193749
6,0.09,0.75,0.05,all_soft,dynamic_e2e_trace,420,,99.0,0.0898182069468749,0.0939595388193749
6,0.09,0.75,0.05,all_soft,dynamic_e2e_trace,420,,99.9,0.0898182069468749,0.0939595388193749
6,0.09,0.75,0.05,all_soft,dynamic_e2e_trace,420,,99.99,0.0898182069468749,0.0939595388193749
6,0.09,0.75,0.05,all_soft,dynamic_e2e_trace,440,,90.0,0.089803881365625,0.0939562970462499
6,0.09,0.75,0.05,all_soft,dynamic_e2e_trace,440,,95.0,0.0898110441562499,0.0939595388193749
6,0.09,0.75,0.05,all_soft,dynamic_e2e_trace,440,,99.0,0.0898182069468749,0.0939595388193749
6,0.09,0.75,0.05,all_soft,dynamic_e2e_trace,440,,99.9,0.0898182069468749,0.0939595388193749
6,0.09,0.75,0.05,all_soft,dynamic_e2e_trace,440,,99.99,0.0898182069468749,0.0939595388193749
1,1.0,0.75,0.05,all_soft,glb_dyn_e2e_trace,200,var_0.2,90.0,0.0999539666565625,0.1003732496461249
1,1.0,0.75,0.05,all_soft,glb_dyn_e2e_trace,200,var_0.2,95.0,0.1003646388524999,0.1004938007568749
1,1.0,0.75,0.05,all_soft,glb_dyn_e2e_trace,200,var_0.2,99.0,0.1005475165932916,0.1004938007568749
1,1.0,0.75,0.05,all_soft,glb_dyn_e2e_trace,200,var_0.2,99.9,0.1005735481140166,0.1004938007568749
1,1.0,0.75,0.05,all_soft,glb_dyn_e2e_trace,200,var_0.2,99.99,0.1005761512660891,0.1004938007568749
1,1.0,0.75,0.05,all_soft,glb_dyn_e2e_trace,220,var_0.2,90.0,0.0918945809999791,0.0960096425810624
1,1.0,0.75,0.05,all_soft,glb_dyn_e2e_trace,220,var_0.2,95.0,0.0945413567248124,0.0975430755579375
1,1.0,0.75,0.05,all_soft,glb_dyn_e2e_trace,220,var_0.2,99.0,0.0971345531291812,0.0995252590256187
1,1.0,0.75,0.05,all_soft,glb_dyn_e2e_trace,220,var_0.2,99.9,0.0984434357451056,0.0999818408645618
1,1.0,0.75,0.05,all_soft,glb_dyn_e2e_trace,220,var_0.2,99.99,0.098574324006698,0.1000274990484561
1,1.0,0.75,0.05,all_soft,glb_dyn_e2e_trace,240,var_0.2,90.0,0.0923778639857083,0.0729857781158749
1,1.0,0.75,0.05,all_soft,glb_dyn_e2e_trace,240,var_0.2,95.0,0.0959697326235416,0.0804638590300624
1,1.0,0.75,0.05,all_soft,glb_dyn_e2e_trace,240,var_0.2,99.0,0.0998806389567083,0.0869872069705312
1,1.0,0.75,0.05,all_soft,glb_dyn_e2e_trace,240,var_0.2,99.9,0.0998993686858583,0.0885557364172406
1,1.0,0.75,0.05,all_soft,glb_dyn_e2e_trace,240,var_0.2,99.99,0.0999012416587733,0.0887125893619115
1,1.0,0.75,0.05,all_soft,glb_dyn_e2e_trace,245,var_0.2,90.0,0.0909177210429999,0.0560108188863124
1,1.0,0.75,0.05,all_soft,glb_dyn_e2e_trace,245,var_0.2,95.0,0.0949617706052083,0.0593644915777187
1,1.0,0.75,0.05,all_soft,glb_dyn_e2e_trace,245,var_0.2,99.0,0.0998663759302666,0.0633806952449062
1,1.0,0.75,0.05,all_soft,glb_dyn_e2e_trace,245,var_0.2,99.9,0.1003376736734791,0.0643280249107406
1,1.0,0.75,0.05,all_soft,glb_dyn_e2e_trace,245,var_0.2,99.99,0.1003431446179103,0.064422757877324
1,1.0,0.75,0.05,all_soft,glb_dyn_e2e_trace,250,var_0.2,90.0,0.0851143222398749,0.03494580044425
1,1.0,0.75,0.05,all_soft,glb_dyn_e2e_trace,250,var_0.2,95.0,0.0891067970804166,0.038922079234875
1,1.0,0.75,0.05,all_soft,glb_dyn_e2e_trace,250,var_0.2,99.0,0.0940026559733083,0.0404641433827062
1,1.0,0.75,0.05,all_soft,glb_dyn_e2e_trace,250,var_0.2,99.9,0.0969590070778466,0.040716540944583
1,1.0,0.75,0.05,all_soft,glb_dyn_e2e_trace,250,var_0.2,99.99,0.097304409345847,0.0407417807007707
1,1.0,0.75,0.05,all_soft,glb_dyn_e2e_trace,255,var_0.2,90.0,0.0800867552392082,0.0269599759937499
1,1.0,0.75,0.05,all_soft,glb_dyn_e2e_trace,255,var_0.2,95.0,0.0843052677994582,0.0293683446707812
1,1.0,0.75,0.05,all_soft,glb_dyn_e2e_trace,255,var_0.2,99.0,0.0901936318968083,0.0329587113867312
1,1.0,0.75,0.05,all_soft,glb_dyn_e2e_trace,255,var_0.2,99.9,0.0936049673835316,0.0338314970788606
1,1.0,0.75,0.05,all_soft,glb_dyn_e2e_trace,255,var_0.2,99.99,0.0939710412165405,0.0339187756480735
1,1.0,0.75,0.05,all_soft,glb_dyn_e2e_trace,260,var_0.2,90.0,0.0732625605449582,0.0208823053365625
1,1.0,0.75,0.05,all_soft,glb_dyn_e2e_trace,260,var_0.2,95.0,0.0771013830924583,0.0225273884154686
1,1.0,0.75,0.05,all_soft,glb_dyn_e2e_trace,260,var_0.2,99.0,0.0830813445505583,0.0252856952513624
1,1.0,0.75,0.05,all_soft,glb_dyn_e2e_trace,260,var_0.2,99.9,0.0864124342298391,0.0259744153575112
1,1.0,0.75,0.05,all_soft,glb_dyn_e2e_trace,260,var_0.2,99.99,0.0867832075742338,0.0260432873681261
1,1.0,0.75,0.05,all_soft,glb_dyn_e2e_trace,280,var_0.2,90.0,0.0513684694092499,0.0114928813354999
1,1.0,0.75,0.05,all_soft,glb_dyn_e2e_trace,280,var_0.2,95.0,0.0541226617564166,0.0121548812881874
1,1.0,0.75,0.05,all_soft,glb_dyn_e2e_trace,280,var_0.2,99.0,0.0556984124491833,0.0140463173640749
1,1.0,0.75,0.05,all_soft,glb_dyn_e2e_trace,280,var_0.2,99.9,0.0572628474285808,0.0145308531931575
1,1.0,0.75,0.05,all_soft,glb_dyn_e2e_trace,280,var_0.2,99.99,0.0574468998056705,0.0145793067760657
1,1.0,0.75,0.05,all_soft,dynamic_e2e_trace,200,var_0.2,90.0,0.0983713949378333,0.0993141127303125
1,1.0,0.75,0.05,all_soft,dynamic_e2e_trace,200,var_0.2,95.0,0.0997946664486666,0.099329593027
1,1.0,0.75,0.05,all_soft,dynamic_e2e_trace,200,var_0.2,99.0,0.0998285250853499,0.0993454725003687
1,1.0,0.75,0.05,all_soft,dynamic_e2e_trace,200,var_0.2,99.9,0.0999082729617225,0.0993491089427243
1,1.0,0.75,0.05,all_soft,dynamic_e2e_trace,200,var_0.2,99.99,0.0999162477493597,0.0993494725869599
1,1.0,0.75,0.05,all_soft,dynamic_e2e_trace,220,var_0.2,90.0,0.0997893211213124,0.0993529369484999
1,1.0,0.75,0.05,all_soft,dynamic_e2e_trace,220,var_0.2,95.0,0.0997962574971458,0.0993568687609062
1,1.0,0.75,0.05,all_soft,dynamic_e2e_trace,220,var_0.2,99.0,0.0999249069122771,0.0993578780450437
1,1.0,0.75,0.05,all_soft,dynamic_e2e_trace,220,var_0.2,99.9,0.0999717247433527,0.0993580186486293
1,1.0,0.75,0.05,all_soft,dynamic_e2e_trace,220,var_0.2,99.99,0.0999764065264602,0.0993580327089879
1,1.0,0.75,0.05,all_soft,dynamic_e2e_trace,240,var_0.2,90.0,0.0997890041406041,0.0993522577041249
1,1.0,0.75,0.05,all_soft,dynamic_e2e_trace,240,var_0.2,95.0,0.0997962574971458,0.0993567668742499
1,1.0,0.75,0.05,all_soft,dynamic_e2e_trace,240,var_0.2,99.0,0.09989063147855,0.0993719279260812
1,1.0,0.75,0.05,all_soft,dynamic_e2e_trace,240,var_0.2,99.9,0.0999144836010425,0.0993758455756081
1,1.0,0.75,0.05,all_soft,dynamic_e2e_trace,240,var_0.2,99.99,0.0999168688132917,0.0993762373405608
1,1.0,0.75,0.05,all_soft,dynamic_e2e_trace,245,var_0.2,90.0,0.0997890041406041,0.0993522577041249
1,1.0,0.75,0.05,all_soft,dynamic_e2e_trace,245,var_0.2,95.0,0.0997962574971458,0.0993567668742499
1,1.0,0.75,0.05,all_soft,dynamic_e2e_trace,245,var_0.2,99.0,0.0998972570681312,0.0993719279260812
1,1.0,0.75,0.05,all_soft,dynamic_e2e_trace,245,var_0.2,99.9,0.0999151461600006,0.0993758455756081
1,1.0,0.75,0.05,all_soft,dynamic_e2e_trace,245,var_0.2,99.99,0.0999169350691875,0.0993762373405608
1,1.0,0.75,0.05,all_soft,dynamic_e2e_trace,250,var_0.2,90.0,0.0997890041406041,0.09913267474425
1,1.0,0.75,0.05,all_soft,dynamic_e2e_trace,250,var_0.2,95.0,0.099811107956552,0.0993528458567499
1,1.0,0.75,0.05,all_soft,dynamic_e2e_trace,250,var_0.2,99.0,0.0999167398751375,0.0993569762110187
1,1.0,0.75,0.05,all_soft,dynamic_e2e_trace,250,var_0.2,99.9,0.0999170944407012,0.0993579284652268
1,1.0,0.75,0.05,all_soft,dynamic_e2e_trace,250,var_0.2,99.99,0.0999171298972576,0.0993580236906476
1,1.0,0.75,0.05,all_soft,dynamic_e2e_trace,255,var_0.2,90.0,0.0997883475377083,0.0993430664803124
1,1.0,0.75,0.05,all_soft,dynamic_e2e_trace,255,var_0.2,95.0,0.0997960084408749,0.0993561787216249
1,1.0,0.75,0.05,all_soft,dynamic_e2e_trace,255,var_0.2,99.0,0.0998180443488916,0.0998431341057562
1,1.0,0.75,0.05,all_soft,dynamic_e2e_trace,255,var_0.2,99.9,0.0998659880046225,0.0999737266633256
1,1.0,0.75,0.05,all_soft,dynamic_e2e_trace,255,var_0.2,99.99,0.0998715062244622,0.0999867859190825
1,1.0,0.75,0.05,all_soft,dynamic_e2e_trace,260,var_0.2,90.0,0.0998035787781249,0.0993499884629374
1,1.0,0.75,0.05,all_soft,dynamic_e2e_trace,260,var_0.2,95.0,0.0998064747841249,0.0993562806082812
1,1.0,0.75,0.05,all_soft,dynamic_e2e_trace,260,var_0.2,99.0,0.099917133836875,0.0993578780450437
1,1.0,0.75,0.05,all_soft,dynamic_e2e_trace,260,var_0.2,99.9,0.0999689144776304,0.0993580186486293
1,1.0,0.75,0.05,all_soft,dynamic_e2e_trace,260,var_0.2,99.99,0.099976125499888,0.0993580327089879
1,1.0,0.75,0.05,all_soft,dynamic_e2e_trace,280,var_0.2,90.0,0.0997960990067916,0.0992900216399999
1,1.0,0.75,0.05,all_soft,dynamic_e2e_trace,280,var_0.2,95.0,0.0998013023403333,0.0993500903495937
1,1.0,0.75,0.05,all_soft,dynamic_e2e_trace,280,var_0.2,99.0,0.099917133836875,0.0993557075850312
1,1.0,0.75,0.05,all_soft,dynamic_e2e_trace,280,var_0.2,99.9,0.0999689144776304,0.0993571902826906
1,1.0,0.75,0.05,all_soft,dynamic_e2e_trace,280,var_0.2,99.99,0.099976125499888,0.0993573385524565
1,1.0,0.75,0.05,all_soft,glb_dyn_e2e_trace,200,,90.0,0.0498635533234999,0.0155999738068124
1,1.0,0.75,0.05,all_soft,glb_dyn_e2e_trace,200,,95.0,0.0531604978926249,0.0164060231579687
1,1.0,0.75,0.05,all_soft,glb_dyn_e2e_trace,200,,99.0,0.0567868250446666,0.0171143886198249
1,1.0,0.75,0.05,all_soft,glb_dyn_e2e_trace,200,,99.9,0.0582464700220666,0.0172742772616074
1,1.0,0.75,0.05,all_soft,glb_dyn_e2e_trace,200,,99.99,0.0583960356779566,0.0172902661257857
1,1.0,0.75,0.05,all_soft,glb_dyn_e2e_trace,220,,90.0,0.0880053075564999,0.0932584738404999
1,1.0,0.75,0.05,all_soft,glb_dyn_e2e_trace,220,,95.0,0.0914822723411458,0.0956689990771562
1,1.0,0.75,0.05,all_soft,glb_dyn_e2e_trace,220,,99.0,0.0951267709971874,0.0961281649596312
1,1.0,0.75,0.05,all_soft,glb_dyn_e2e_trace,220,,99.9,0.0952710907382187,0.0961445066047756
1,1.0,0.75,0.05,all_soft,glb_dyn_e2e_trace,220,,99.99,0.0952855227123218,0.09614614076929
1,1.0,0.75,0.05,all_soft,glb_dyn_e2e_trace,240,,90.0,0.0907202305783333,0.0587401966674999
1,1.0,0.75,0.05,all_soft,glb_dyn_e2e_trace,240,,95.0,0.0955318783320833,0.062921385492125
1,1.0,0.75,0.05,all_soft,glb_dyn_e2e_trace,240,,99.0,0.0977631489079166,0.0641124988089874
1,1.0,0.75,0.05,all_soft,glb_dyn_e2e_trace,240,,99.9,0.0988703012657291,0.0642561864092112
1,1.0,0.75,0.05,all_soft,glb_dyn_e2e_trace,240,,99.99,0.0989810165015103,0.0642705551692335
1,1.0,0.75,0.05,all_soft,glb_dyn_e2e_trace,245,,90.0,0.0864431914757083,0.044335820320375
1,1.0,0.75,0.05,all_soft,glb_dyn_e2e_trace,245,,95.0,0.0914459963899582,0.0461217264694999
1,1.0,0.75,0.05,all_soft,glb_dyn_e2e_trace,245,,99.0,0.0960533163998833,0.0514613134576625
1,1.0,0.75,0.05,all_soft,glb_dyn_e2e_trace,245,,99.9,0.0992115504879641,0.0528457773183913
1,1.0,0.75,0.05,all_soft,glb_dyn_e2e_trace,245,,99.99,0.0995823238323588,0.0529842237044641
1,1.0,0.75,0.05,all_soft,glb_dyn_e2e_trace,250,,90.0,0.0802786060372916,0.0342748284859374
1,1.0,0.75,0.05,all_soft,glb_dyn_e2e_trace,250,,95.0,0.0856301259777082,0.0351429518125625
1,1.0,0.75,0.05,all_soft,glb_dyn_e2e_trace,250,,99.0,0.0904553160557083,0.0384308212439125
1,1.0,0.75,0.05,all_soft,glb_dyn_e2e_trace,250,,99.9,0.0936321561275641,0.0392942889393287
1,1.0,0.75,0.05,all_soft,glb_dyn_e2e_trace,250,,99.99,0.0939872644340063,0.0393806357088703
1,1.0,0.75,0.05,all_soft,glb_dyn_e2e_trace,255,,90.0,0.034222930638625,0.0109280515373749
1,1.0,0.75,0.05,all_soft,glb_dyn_e2e_trace,255,,95.0,0.0381337907423333,0.0109305739589687
1,1.0,0.75,0.05,all_soft,glb_dyn_e2e_trace,255,,99.0,0.0381664152245749,0.0109361911944062
1,1.0,0.75,0.05,all_soft,glb_dyn_e2e_trace,255,,99.9,0.0381717447680691,0.0109376738920656
1,1.0,0.75,0.05,all_soft,glb_dyn_e2e_trace,255,,99.99,0.0381718156811819,0.0109378221618315
1,1.0,0.75,0.05,all_soft,glb_dyn_e2e_trace,260,,90.0,0.0336704813578749,0.0106789714319999
1,1.0,0.75,0.05,all_soft,glb_dyn_e2e_trace,260,,95.0,0.0375786121942082,0.0106904967489687
1,1.0,0.75,0.05,all_soft,glb_dyn_e2e_trace,260,,99.0,0.037586599134675,0.0106961139844062
1,1.0,0.75,0.05,all_soft,glb_dyn_e2e_trace,260,,99.9,0.0375933675693058,0.0106975966820656
1,1.0,0.75,0.05,all_soft,glb_dyn_e2e_trace,260,,99.99,0.0375941626400555,0.0106977449518315
1,1.0,0.75,0.05,all_soft,glb_dyn_e2e_trace,280,,90.0,0.0318471763520833,0.0096976558361249
1,1.0,0.75,0.05,all_soft,glb_dyn_e2e_trace,280,,95.0,0.0355544694656666,0.0097062666297499
1,1.0,0.75,0.05,all_soft,glb_dyn_e2e_trace,280,,99.0,0.0356513434210125,0.0097134813019499
1,1.0,0.75,0.05,all_soft,glb_dyn_e2e_trace,280,,99.9,0.0356577832663312,0.0097151046031949
1,1.0,0.75,0.05,all_soft,glb_dyn_e2e_trace,280,,99.99,0.0356585439546956,0.0097152669333194
1,1.0,0.75,0.05,all_soft,dynamic_e2e_trace,200,,90.0,0.0983713949378333,0.0993141127303125
1,1.0,0.75,0.05,all_soft,dynamic_e2e_trace,200,,95.0,0.0997946664486666,0.0993423471287812
1,1.0,0.75,0.05,all_soft,dynamic_e2e_trace,200,,99.0,0.0998285250853499,0.0993489236102625
1,1.0,0.75,0.05,all_soft,dynamic_e2e_trace,200,,99.9,0.0999082729617225,0.0993494540537137
1,1.0,0.75,0.05,all_soft,dynamic_e2e_trace,200,,99.99,0.0999162477493597,0.0993495070980588
1,1.0,0.75,0.05,all_soft,dynamic_e2e_trace,220,,90.0,0.0997893211213124,0.0993529369484999
1,1.0,0.75,0.05,all_soft,dynamic_e2e_trace,220,,95.0,0.0997962574971458,0.0993568687609062
1,1.0,0.75,0.05,all_soft,dynamic_e2e_trace,220,,99.0,0.0999249069122771,0.0993578780450437
1,1.0,0.75,0.05,all_soft,dynamic_e2e_trace,220,,99.9,0.0999717247433527,0.0993580186486293
1,1.0,0.75,0.05,all_soft,dynamic_e2e_trace,220,,99.99,0.0999764065264602,0.0993580327089879
1,1.0,0.75,0.05,all_soft,dynamic_e2e_trace,240,,90.0,0.0997890041406041,0.0993522577041249
1,1.0,0.75,0.05,all_soft,dynamic_e2e_trace,240,,95.0,0.0997962574971458,0.0993567668742499
1,1.0,0.75,0.05,all_soft,dynamic_e2e_trace,240,,99.0,0.09989063147855,0.0993719279260812
1,1.0,0.75,0.05,all_soft,dynamic_e2e_trace,240,,99.9,0.0999144836010425,0.0993758455756081
1,1.0,0.75,0.05,all_soft,dynamic_e2e_trace,240,,99.99,0.0999168688132917,0.0993762373405608
1,1.0,0.75,0.05,all_soft,dynamic_e2e_trace,245,,90.0,0.0997890041406041,0.0993522577041249
1,1.0,0.75,0.05,all_soft,dynamic_e2e_trace,245,,95.0,0.0997962574971458,0.0993567668742499
1,1.0,0.75,0.05,all_soft,dynamic_e2e_trace,245,,99.0,0.0998972570681312,0.0993719279260812
1,1.0,0.75,0.05,all_soft,dynamic_e2e_trace,245,,99.9,0.0999151461600006,0.0993758455756081
1,1.0,0.75,0.05,all_soft,dynamic_e2e_trace,245,,99.99,0.0999169350691875,0.0993762373405608
1,1.0,0.75,0.05,all_soft,dynamic_e2e_trace,250,,90.0,0.0997890041406041,0.09913267474425
1,1.0,0.75,0.05,all_soft,dynamic_e2e_trace,250,,95.0,0.099811107956552,0.0993528458567499
1,1.0,0.75,0.05,all_soft,dynamic_e2e_trace,250,,99.0,0.0999167398751375,0.0993569762110187
1,1.0,0.75,0.05,all_soft,dynamic_e2e_trace,250,,99.9,0.0999170944407012,0.0993579284652268
1,1.0,0.75,0.05,all_soft,dynamic_e2e_trace,250,,99.99,0.0999171298972576,0.0993580236906476
1,1.0,0.75,0.05,all_soft,dynamic_e2e_trace,255,,90.0,0.0997883475377083,0.0993430664803124
1,1.0,0.75,0.05,all_soft,dynamic_e2e_trace,255,,95.0,0.0997960084408749,0.0993561787216249
1,1.0,0.75,0.05,all_soft,dynamic_e2e_trace,255,,99.0,0.0998180443488916,0.0998431341057562
1,1.0,0.75,0.05,all_soft,dynamic_e2e_trace,255,,99.9,0.0998659880046225,0.0999737266633256
1,1.0,0.75,0.05,all_soft,dynamic_e2e_trace,255,,99.99,0.0998715062244622,0.0999867859190825
1,1.0,0.75,0.05,all_soft,dynamic_e2e_trace,260,,90.0,0.0998035787781249,0.0993499884629374
1,1.0,0.75,0.05,all_soft,dynamic_e2e_trace,260,,95.0,0.0998064747841249,0.0993562806082812
1,1.0,0.75,0.05,all_soft,dynamic_e2e_trace,260,,99.0,0.099917133836875,0.0993578780450437
1,1.0,0.75,0.05,all_soft,dynamic_e2e_trace,260,,99.9,0.0999689144776304,0.0993580186486293
1,1.0,0.75,0.05,all_soft,dynamic_e2e_trace,260,,99.99,0.099976125499888,0.0993580327089879
1,1.0,0.75,0.05,all_soft,dynamic_e2e_trace,280,,90.0,0.0997960990067916,0.0992900216399999
1,1.0,0.75,0.05,all_soft,dynamic_e2e_trace,280,,95.0,0.0998013023403333,0.0993500903495937
1,1.0,0.75,0.05,all_soft,dynamic_e2e_trace,280,,99.0,0.099917133836875,0.0993557075850312
1,1.0,0.75,0.05,all_soft,dynamic_e2e_trace,280,,99.9,0.0999689144776304,0.0993571902826906
1,1.0,0.75,0.05,all_soft,dynamic_e2e_trace,280,,99.99,0.099976125499888,0.0993573385524565
4,0.09,0.75,0.05,all_soft,glb_dyn_e2e_trace,285,var_0.2,90.0,0.0807372339990624,0.0847596202025
4,0.09,0.75,0.05,all_soft,glb_dyn_e2e_trace,285,var_0.2,95.0,0.0841848453409791,0.0874763040839062
4,0.09,0.75,0.05,all_soft,glb_dyn_e2e_trace,285,var_0.2,99.0,0.0876137179392208,0.0887539989480937
4,0.09,0.75,0.05,all_soft,glb_dyn_e2e_trace,285,var_0.2,99.9,0.087748070593172,0.0890970328776843
4,0.09,0.75,0.05,all_soft,glb_dyn_e2e_trace,285,var_0.2,99.99,0.0877615058585672,0.0891313362706434
4,0.09,0.75,0.05,all_soft,glb_dyn_e2e_trace,290,var_0.2,90.0,0.0805425932057708,0.0799466525721875
4,0.09,0.75,0.05,all_soft,glb_dyn_e2e_trace,290,var_0.2,95.0,0.083878818158052,0.0823829762274999
4,0.09,0.75,0.05,all_soft,glb_dyn_e2e_trace,290,var_0.2,99.0,0.0886496884242666,0.0860989212935312
4,0.09,0.75,0.05,all_soft,glb_dyn_e2e_trace,290,var_0.2,99.9,0.0905116156783641,0.0865222824485405
4,0.09,0.75,0.05,all_soft,glb_dyn_e2e_trace,290,var_0.2,99.99,0.0906978084037738,0.0865646185640415
4,0.09,0.75,0.05,all_soft,glb_dyn_e2e_trace,295,var_0.2,90.0,0.0792482878113541,0.0474520817946874
4,0.09,0.75,0.05,all_soft,glb_dyn_e2e_trace,295,var_0.2,95.0,0.0833907696178645,0.0510008928660937
4,0.09,0.75,0.05,all_soft,glb_dyn_e2e_trace,295,var_0.2,99.0,0.0864557848394937,0.0581116797297812
4,0.09,0.75,0.05,all_soft,glb_dyn_e2e_trace,295,var_0.2,99.9,0.0883611042619493,0.0585350408847906
4,0.09,0.75,0.05,all_soft,glb_dyn_e2e_trace,295,var_0.2,99.99,0.0885516362041949,0.0585773770002915
4,0.09,0.75,0.05,all_soft,glb_dyn_e2e_trace,300,var_0.2,90.0,0.0831338810453332,0.065862663214375
4,0.09,0.75,0.05,all_soft,glb_dyn_e2e_trace,300,var_0.2,95.0,0.0868930914437812,0.0705263930317187
4,0.09,0.75,0.05,all_soft,glb_dyn_e2e_trace,300,var_0.2,99.0,0.0898103649118749,0.0721384315320311
4,0.09,0.75,0.05,all_soft,glb_dyn_e2e_trace,300,var_0.2,99.9,0.0898103649118749,0.0729723247161406
4,0.09,0.75,0.05,all_soft,glb_dyn_e2e_trace,300,var_0.2,99.99,0.0898103649118749,0.0730557140345515
4,0.09,0.75,0.05,all_soft,glb_dyn_e2e_trace,305,var_0.2,90.0,0.0818320961424999,0.0624396024631249
4,0.09,0.75,0.05,all_soft,glb_dyn_e2e_trace,305,var_0.2,95.0,0.0859749133156041,0.0638518467695312
4,0.09,0.75,0.05,all_soft,glb_dyn_e2e_trace,305,var_0.2,99.0,0.0885649643849999,0.0671374929623125
4,0.09,0.75,0.05,all_soft,glb_dyn_e2e_trace,305,var_0.2,99.9,0.0885649643849999,0.0675736832432312
4,0.09,0.75,0.05,all_soft,glb_dyn_e2e_trace,305,var_0.2,99.99,0.0885649643849999,0.0676173022713231
4,0.09,0.75,0.05,all_soft,glb_dyn_e2e_trace,325,var_0.2,90.0,0.0810674528443749,0.0397842762781249
4,0.09,0.75,0.05,all_soft,glb_dyn_e2e_trace,325,var_0.2,95.0,0.0843488347991666,0.0470914565464062
4,0.09,0.75,0.05,all_soft,glb_dyn_e2e_trace,325,var_0.2,99.0,0.0870873286831249,0.0502501421515624
4,0.09,0.75,0.05,all_soft,glb_dyn_e2e_trace,325,var_0.2,99.9,0.0901052436976249,0.0508915984470312
4,0.09,0.75,0.05,all_soft,glb_dyn_e2e_trace,325,var_0.2,99.99,0.0904070351990749,0.050955744076578
4,0.09,0.75,0.05,all_soft,glb_dyn_e2e_trace,335,var_0.2,90.0,0.0761704355490833,0.03001221377875
4,0.09,0.75,0.05,all_soft,glb_dyn_e2e_trace,335,var_0.2,95.0,0.0810823069020832,0.0356644713896874
4,0.09,0.75,0.05,all_soft,glb_dyn_e2e_trace,335,var_0.2,99.0,0.0867185142820583,0.0371079695770312
4,0.09,0.75,0.05,all_soft,glb_dyn_e2e_trace,335,var_0.2,99.9,0.0899137802797817,0.0377845607802656
4,0.09,0.75,0.05,all_soft,glb_dyn_e2e_trace,335,var_0.2,99.99,0.0902798541127905,0.037852219900589
4,0.09,0.75,0.05,all_soft,glb_dyn_e2e_trace,340,var_0.2,90.0,0.0672863422718333,0.0239561457525
4,0.09,0.75,0.05,all_soft,glb_dyn_e2e_trace,340,var_0.2,95.0,0.0714351842795832,0.0247308547809374
4,0.09,0.75,0.05,all_soft,glb_dyn_e2e_trace,340,var_0.2,99.0,0.0768729478999583,0.0252737886605624
4,0.09,0.75,0.05,all_soft,glb_dyn_e2e_trace,340,var_0.2,99.9,0.0802904653748391,0.0257612954451187
4,0.09,0.75,0.05,all_soft,glb_dyn_e2e_trace,340,var_0.2,99.99,0.0806612387192338,0.0258100461235743
4,0.09,0.75,0.05,all_soft,glb_dyn_e2e_trace,345,var_0.2,90.0,0.0658081631744582,0.022886882115625
4,0.09,0.75,0.05,all_soft,glb_dyn_e2e_trace,345,var_0.2,95.0,0.0693814682328332,0.0236204976846874
4,0.09,0.75,0.05,all_soft,glb_dyn_e2e_trace,345,var_0.2,99.0,0.0757241784501083,0.0242969405501562
4,0.09,0.75,0.05,all_soft,glb_dyn_e2e_trace,345,var_0.2,99.9,0.0792868826177366,0.0247582083289531
4,0.09,0.75,0.05,all_soft,glb_dyn_e2e_trace,345,var_0.2,99.99,0.079656089458336,0.0248043351068327
4,0.09,0.75,0.05,all_soft,glb_dyn_e2e_trace,350,var_0.2,90.0,0.0606333533576249,0.0223679343671874
4,0.09,0.75,0.05,all_soft,glb_dyn_e2e_trace,350,var_0.2,95.0,0.0640335976121666,0.0229940462148437
4,0.09,0.75,0.05,all_soft,glb_dyn_e2e_trace,350,var_0.2,99.0,0.0674384775136166,0.0236206150162187
4,0.09,0.75,0.05,all_soft,glb_dyn_e2e_trace,350,var_0.2,99.9,0.0704699270418816,0.0238063469649343
4,0.09,0.75,0.05,all_soft,glb_dyn_e2e_trace,350,var_0.2,99.99,0.070820335836938,0.0238249201598059
4,0.09,0.75,0.05,all_soft,glb_dyn_e2e_trace,355,var_0.2,90.0,0.0626093309279166,0.0220975078837499
4,0.09,0.75,0.05,all_soft,glb_dyn_e2e_trace,355,var_0.2,95.0,0.0661758194886249,0.0228547807567187
4,0.09,0.75,0.05,all_soft,glb_dyn_e2e_trace,355,var_0.2,99.0,0.0686252010457,0.0240933195029687
4,0.09,0.75,0.05,all_soft,glb_dyn_e2e_trace,355,var_0.2,99.9,0.0701533062339016,0.0245423389097968
4,0.09,0.75,0.05,all_soft,glb_dyn_e2e_trace,355,var_0.2,99.99,0.0703295260920151,0.0245872408504796
4,0.09,0.75,0.05,all_soft,glb_dyn_e2e_trace,365,var_0.2,90.0,0.0498803678899583,0.0196654448681249
4,0.09,0.75,0.05,all_soft,glb_dyn_e2e_trace,365,var_0.2,95.0,0.0522090560991249,0.0207015882795312
4,0.09,0.75,0.05,all_soft,glb_dyn_e2e_trace,365,var_0.2,99.0,0.0550679413744916,0.0227432248189062
4,0.09,0.75,0.05,all_soft,glb_dyn_e2e_trace,365,var_0.2,99.9,0.0571237998412842,0.0233205354848281
4,0.09,0.75,0.05,all_soft,glb_dyn_e2e_trace,365,var_0.2,99.99,0.0573525803085034,0.0233782665514203
4,0.09,0.75,0.05,all_soft,glb_dyn_e2e_trace,385,var_0.2,90.0,0.0449269054908749,0.018560969298125
4,0.09,0.75,0.05,all_soft,glb_dyn_e2e_trace,385,var_0.2,95.0,0.0478258378016249,0.0198246164237499
4,0.09,0.75,0.05,all_soft,glb_dyn_e2e_trace,385,var_0.2,99.0,0.052770451477725,0.0222893288437499
4,0.09,0.75,0.05,all_soft,glb_dyn_e2e_trace,385,var_0.2,99.9,0.0538320693552391,0.0222893288437499
4,0.09,0.75,0.05,all_soft,glb_dyn_e2e_trace,385,var_0.2,99.99,0.0539174083555238,0.0222893288437499
4,0.09,0.75,0.05,all_soft,dynamic_e2e_trace,285,var_0.2,90.0,0.0897975624546666,0.0987196499378125
4,0.09,0.75,0.05,all_soft,dynamic_e2e_trace,285,var_0.2,95.0,0.0898036775923124,0.0994682703325
4,0.09,0.75,0.05,all_soft,dynamic_e2e_trace,285,var_0.2,99.0,0.0899006202804166,0.0999546644182812
4,0.09,0.75,0.05,all_soft,dynamic_e2e_trace,285,var_0.2,99.9,0.0899006202804166,0.0999607886042656
4,0.09,0.75,0.05,all_soft,dynamic_e2e_trace,285,var_0.2,99.99,0.0899006202804166,0.099961401022864
4,0.09,0.75,0.05,all_soft,dynamic_e2e_trace,290,var_0.2,90.0,0.0897951336714583,0.0985901484112499
4,0.09,0.75,0.05,all_soft,dynamic_e2e_trace,290,var_0.2,95.0,0.0898029983479374,0.09908628791125
4,0.09,0.75,0.05,all_soft,dynamic_e2e_trace,290,var_0.2,99.0,0.0898097548539375,0.0993245744235937
4,0.09,0.75,0.05,all_soft,dynamic_e2e_trace,290,var_0.2,99.9,0.0898635817853625,0.0997903561802343
4,0.09,0.75,0.05,all_soft,dynamic_e2e_trace,290,var_0.2,99.99,0.0898699077447862,0.0998369343558984
4,0.09,0.75,0.05,all_soft,dynamic_e2e_trace,295,var_0.2,90.0,0.0898035643849166,0.0987933928015624
4,0.09,0.75,0.05,all_soft,dynamic_e2e_trace,295,var_0.2,95.0,0.0898182069468749,0.099132961886875
4,0.09,0.75,0.05,all_soft,dynamic_e2e_trace,295,var_0.2,99.0,0.0898925522512916,0.0995935451815936
4,0.09,0.75,0.05,all_soft,dynamic_e2e_trace,295,var_0.2,99.9,0.0899156251060416,0.0995941259355343
4,0.09,0.75,0.05,all_soft,dynamic_e2e_trace,295,var_0.2,99.99,0.0899156251060416,0.0995941840109284
4,0.09,0.75,0.05,all_soft,dynamic_e2e_trace,300,var_0.2,90.0,0.0898037907997083,0.0988980869587499
4,0.09,0.75,0.05,all_soft,dynamic_e2e_trace,300,var_0.2,95.0,0.0898182069468749,0.0991322826425
4,0.09,0.75,0.05,all_soft,dynamic_e2e_trace,300,var_0.2,99.0,0.0899080881165166,0.0995935451815936
4,0.09,0.75,0.05,all_soft,dynamic_e2e_trace,300,var_0.2,99.9,0.0899156251060416,0.0995941259355343
4,0.09,0.75,0.05,all_soft,dynamic_e2e_trace,300,var_0.2,99.99,0.0899156251060416,0.0995941840109284
4,0.09,0.75,0.05,all_soft,dynamic_e2e_trace,305,var_0.2,90.0,0.0898027492916666,0.0970737193809375
4,0.09,0.75,0.05,all_soft,dynamic_e2e_trace,305,var_0.2,95.0,0.089803881365625,0.0984970474954687
4,0.09,0.75,0.05,all_soft,dynamic_e2e_trace,305,var_0.2,99.0,0.0898182069468749,0.0995935451815936
4,0.09,0.75,0.05,all_soft,dynamic_e2e_trace,305,var_0.2,99.9,0.0898182069468749,0.0995941259355343
4,0.09,0.75,0.05,all_soft,dynamic_e2e_trace,305,var_0.2,99.99,0.0898182069468749,0.0995941840109284
4,0.09,0.75,0.05,all_soft,dynamic_e2e_trace,325,var_0.2,90.0,0.0898035643849166,0.0946044066990625
4,0.09,0.75,0.05,all_soft,dynamic_e2e_trace,325,var_0.2,95.0,0.0898103649118749,0.0972478957621875
4,0.09,0.75,0.05,all_soft,dynamic_e2e_trace,325,var_0.2,99.0,0.0898110441562499,0.0988166008741874
4,0.09,0.75,0.05,all_soft,dynamic_e2e_trace,325,var_0.2,99.9,0.0898110441562499,0.0995093736732937
4,0.09,0.75,0.05,all_soft,dynamic_e2e_trace,325,var_0.2,99.99,0.0898110441562499,0.0995786509532043
4,0.09,0.75,0.05,all_soft,dynamic_e2e_trace,335,var_0.2,90.0,0.089803881365625,0.0939595388193749
4,0.09,0.75,0.05,all_soft,dynamic_e2e_trace,335,var_0.2,95.0,0.0898110441562499,0.0953918590343749
4,0.09,0.75,0.05,all_soft,dynamic_e2e_trace,335,var_0.2,99.0,0.0898182069468749,0.097393231075
4,0.09,0.75,0.05,all_soft,dynamic_e2e_trace,335,var_0.2,99.9,0.0898182069468749,0.0996612146449375
4,0.09,0.75,0.05,all_soft,dynamic_e2e_trace,335,var_0.2,99.99,0.0898182069468749,0.0998880130019312
4,0.09,0.75,0.05,all_soft,dynamic_e2e_trace,340,var_0.2,90.0,0.089803881365625,0.0939595388193749
4,0.09,0.75,0.05,all_soft,dynamic_e2e_trace,340,var_0.2,95.0,0.0898110441562499,0.0952680692229687
4,0.09,0.75,0.05,all_soft,dynamic_e2e_trace,340,var_0.2,99.0,0.0898182069468749,0.0973738868903437
4,0.09,0.75,0.05,all_soft,dynamic_e2e_trace,340,var_0.2,99.9,0.0898182069468749,0.0993110849026593
4,0.09,0.75,0.05,all_soft,dynamic_e2e_trace,340,var_0.2,99.99,0.0898182069468749,0.0995048047038909
4,0.09,0.75,0.05,all_soft,dynamic_e2e_trace,345,var_0.2,90.0,0.089803881365625,0.0939595388193749
4,0.09,0.75,0.05,all_soft,dynamic_e2e_trace,345,var_0.2,95.0,0.0898110441562499,0.0953918590343749
4,0.09,0.75,0.05,all_soft,dynamic_e2e_trace,345,var_0.2,99.0,0.0898182069468749,0.097393231075
4,0.09,0.75,0.05,all_soft,dynamic_e2e_trace,345,var_0.2,99.9,0.0898182069468749,0.0996612146449375
4,0.09,0.75,0.05,all_soft,dynamic_e2e_trace,345,var_0.2,99.99,0.0898182069468749,0.0998880130019312
4,0.09,0.75,0.05,all_soft,dynamic_e2e_trace,350,var_0.2,90.0,0.089803881365625,0.0939595388193749
4,0.09,0.75,0.05,all_soft,dynamic_e2e_trace,350,var_0.2,95.0,0.0898110441562499,0.0953918590343749
4,0.09,0.75,0.05,all_soft,dynamic_e2e_trace,350,var_0.2,99.0,0.0898182069468749,0.097393231075
4,0.09,0.75,0.05,all_soft,dynamic_e2e_trace,350,var_0.2,99.9,0.0898182069468749,0.0996612146449375
4,0.09,0.75,0.05,all_soft,dynamic_e2e_trace,350,var_0.2,99.99,0.0898182069468749,0.0998880130019312
4,0.09,0.75,0.05,all_soft,dynamic_e2e_trace,355,var_0.2,90.0,0.089803881365625,0.0939595388193749
4,0.09,0.75,0.05,all_soft,dynamic_e2e_trace,355,var_0.2,95.0,0.0898110441562499,0.0946027858125
4,0.09,0.75,0.05,all_soft,dynamic_e2e_trace,355,var_0.2,99.0,0.0898182069468749,0.0972537958057812
4,0.09,0.75,0.05,all_soft,dynamic_e2e_trace,355,var_0.2,99.9,0.0898182069468749,0.0972599199917656
4,0.09,0.75,0.05,all_soft,dynamic_e2e_trace,355,var_0.2,99.99,0.0898182069468749,0.097260532410364
4,0.09,0.75,0.05,all_soft,dynamic_e2e_trace,365,var_0.2,90.0,0.089803881365625,0.0939562970462499
4,0.09,0.75,0.05,all_soft,dynamic_e2e_trace,365,var_0.2,95.0,0.0898110441562499,0.0939595388193749
4,0.09,0.75,0.05,all_soft,dynamic_e2e_trace,365,var_0.2,99.0,0.0898182069468749,0.0939595388193749
4,0.09,0.75,0.05,all_soft,dynamic_e2e_trace,365,var_0.2,99.9,0.0898182069468749,0.0939595388193749
4,0.09,0.75,0.05,all_soft,dynamic_e2e_trace,365,var_0.2,99.99,0.0898182069468749,0.0939595388193749
4,0.09,0.75,0.05,all_soft,dynamic_e2e_trace,385,var_0.2,90.0,0.089803881365625,0.0939562970462499
4,0.09,0.75,0.05,all_soft,dynamic_e2e_trace,385,var_0.2,95.0,0.0898110441562499,0.0939595388193749
4,0.09,0.75,0.05,all_soft,dynamic_e2e_trace,385,var_0.2,99.0,0.0898182069468749,0.0939595388193749
4,0.09,0.75,0.05,all_soft,dynamic_e2e_trace,385,var_0.2,99.9,0.0898182069468749,0.0939595388193749
4,0.09,0.75,0.05,all_soft,dynamic_e2e_trace,385,var_0.2,99.99,0.0898182069468749,0.0939595388193749
4,0.09,0.75,0.05,all_soft,glb_dyn_e2e_trace,285,,90.0,0.0792878584096041,0.0819892693659374
4,0.09,0.75,0.05,all_soft,glb_dyn_e2e_trace,285,,95.0,0.0826303340854895,0.0831203430029687
4,0.09,0.75,0.05,all_soft,glb_dyn_e2e_trace,285,,99.0,0.0860032500048895,0.0871215001598749
4,0.09,0.75,0.05,all_soft,glb_dyn_e2e_trace,285,,99.9,0.0860205200044889,0.0875833486926124
4,0.09,0.75,0.05,all_soft,glb_dyn_e2e_trace,285,,99.99,0.0860222470044489,0.0876295335458862
4,0.09,0.75,0.05,all_soft,glb_dyn_e2e_trace,290,,90.0,0.0786370032557916,0.0713658528234374
4,0.09,0.75,0.05,all_soft,glb_dyn_e2e_trace,290,,95.0,0.0832143194769166,0.0744566770910937
4,0.09,0.75,0.05,all_soft,glb_dyn_e2e_trace,290,,99.0,0.0881370498991958,0.0782937506255937
4,0.09,0.75,0.05,all_soft,glb_dyn_e2e_trace,290,,99.9,0.0900149122781071,0.0787940865360593
4,0.09,0.75,0.05,all_soft,glb_dyn_e2e_trace,290,,99.99,0.0902026985159982,0.0788441201271059
4,0.09,0.75,0.05,all_soft,glb_dyn_e2e_trace,295,,90.0,0.0787000235234166,0.0729863739909374
4,0.09,0.75,0.05,all_soft,glb_dyn_e2e_trace,295,,95.0,0.0834926589922604,0.075173497136875
4,0.09,0.75,0.05,all_soft,glb_dyn_e2e_trace,295,,99.0,0.0882009704563583,0.0791134247238124
4,0.09,0.75,0.05,all_soft,glb_dyn_e2e_trace,295,,99.9,0.0899672869615733,0.0796522480120062
4,0.09,0.75,0.05,all_soft,glb_dyn_e2e_trace,295,,99.99,0.0901439186120948,0.0797061303408255
4,0.09,0.75,0.05,all_soft,glb_dyn_e2e_trace,300,,90.0,0.0812577504174166,0.0665943182746875
4,0.09,0.75,0.05,all_soft,glb_dyn_e2e_trace,300,,95.0,0.0842939618321353,0.0721469141992187
4,0.09,0.75,0.05,all_soft,glb_dyn_e2e_trace,300,,99.0,0.0882447256004625,0.0739419853323749
4,0.09,0.75,0.05,all_soft,glb_dyn_e2e_trace,300,,99.9,0.0887967846295462,0.0739899493660499
4,0.09,0.75,0.05,all_soft,glb_dyn_e2e_trace,300,,99.99,0.0888519905324546,0.0739947457694174
4,0.09,0.75,0.05,all_soft,glb_dyn_e2e_trace,305,,90.0,0.0790516034029166,0.0581651876687499
4,0.09,0.75,0.05,all_soft,glb_dyn_e2e_trace,305,,95.0,0.0831070950442395,0.0621059149040625
4,0.09,0.75,0.05,all_soft,glb_dyn_e2e_trace,305,,99.0,0.0858900572098062,0.06321073009625
4,0.09,0.75,0.05,all_soft,glb_dyn_e2e_trace,305,,99.9,0.0859682801491681,0.06321073009625
4,0.09,0.75,0.05,all_soft,glb_dyn_e2e_trace,305,,99.99,0.0859761024431043,0.06321073009625
4,0.09,0.75,0.05,all_soft,glb_dyn_e2e_trace,325,,90.0,0.0769379586195832,0.037252381765
4,0.09,0.75,0.05,all_soft,glb_dyn_e2e_trace,325,,95.0,0.0804594177843749,0.0450162289604687
4,0.09,0.75,0.05,all_soft,glb_dyn_e2e_trace,325,,99.0,0.0839508672979166,0.0464942382467499
4,0.09,0.75,0.05,all_soft,glb_dyn_e2e_trace,325,,99.9,0.0867396160269791,0.046542202280425
4,0.09,0.75,0.05,all_soft,glb_dyn_e2e_trace,325,,99.99,0.0870184908998853,0.0465469986837925
4,0.09,0.75,0.05,all_soft,glb_dyn_e2e_trace,335,,90.0,0.0697609169117499,0.0312804611662499
4,0.09,0.75,0.05,all_soft,glb_dyn_e2e_trace,335,,95.0,0.0739475045949582,0.0326034869621874
4,0.09,0.75,0.05,all_soft,glb_dyn_e2e_trace,335,,99.0,0.0786723355403332,0.0339232215779062
4,0.09,0.75,0.05,all_soft,glb_dyn_e2e_trace,335,,99.9,0.0811074028690608,0.0343465827329156
4,0.09,0.75,0.05,all_soft,glb_dyn_e2e_trace,335,,99.99,0.0813776365925935,0.0343889188484165
4,0.09,0.75,0.05,all_soft,glb_dyn_e2e_trace,340,,90.0,0.0673689820201666,0.0294534538353124
4,0.09,0.75,0.05,all_soft,glb_dyn_e2e_trace,340,,95.0,0.0706859983737499,0.031221422118125
4,0.09,0.75,0.05,all_soft,glb_dyn_e2e_trace,340,,99.0,0.0735955682616582,0.0318096297999687
4,0.09,0.75,0.05,all_soft,glb_dyn_e2e_trace,340,,99.9,0.0744723620923133,0.0322687066166843
4,0.09,0.75,0.05,all_soft,glb_dyn_e2e_trace,340,,99.99,0.0745357936771688,0.0323146142983559
4,0.09,0.75,0.05,all_soft,glb_dyn_e2e_trace,345,,90.0,0.0620742843662499,0.02755142237625
4,0.09,0.75,0.05,all_soft,glb_dyn_e2e_trace,345,,95.0,0.0662106398458333,0.0300068416857812
4,0.09,0.75,0.05,all_soft,glb_dyn_e2e_trace,345,,99.0,0.0707604795270416,0.0305743143094999
4,0.09,0.75,0.05,all_soft,glb_dyn_e2e_trace,345,,99.9,0.0719375938138082,0.0308822133313249
4,0.09,0.75,0.05,all_soft,glb_dyn_e2e_trace,345,,99.99,0.0720339456160682,0.0309130032335074
4,0.09,0.75,0.05,all_soft,glb_dyn_e2e_trace,350,,90.0,0.0618156132128749,0.0265412363996874
4,0.09,0.75,0.05,all_soft,glb_dyn_e2e_trace,350,,95.0,0.0655994679718332,0.0296751146354687
4,0.09,0.75,0.05,all_soft,glb_dyn_e2e_trace,350,,99.0,0.0697300596608582,0.0331341375611249
4,0.09,0.75,0.05,all_soft,glb_dyn_e2e_trace,350,,99.9,0.0721530030904808,0.0338525686120499
4,0.09,0.75,0.05,all_soft,glb_dyn_e2e_trace,350,,99.99,0.0724201038064229,0.0339244117171424
4,0.09,0.75,0.05,all_soft,glb_dyn_e2e_trace,355,,90.0,0.0568271946077082,0.0261230617909375
4,0.09,0.75,0.05,all_soft,glb_dyn_e2e_trace,355,,95.0,0.0603396055941666,0.0272107418376562
4,0.09,0.75,0.05,all_soft,glb_dyn_e2e_trace,355,,99.0,0.063951238618175,0.0282110542735624
4,0.09,0.75,0.05,all_soft,glb_dyn_e2e_trace,355,,99.9,0.0646037745621691,0.0286472445544812
4,0.09,0.75,0.05,all_soft,glb_dyn_e2e_trace,355,,99.99,0.0646765815320919,0.028690863582573
4,0.09,0.75,0.05,all_soft,glb_dyn_e2e_trace,365,,90.0,0.0537888609899583,0.0243802018875
4,0.09,0.75,0.05,all_soft,glb_dyn_e2e_trace,365,,95.0,0.0568300751688333,0.0255489573996874
4,0.09,0.75,0.05,all_soft,glb_dyn_e2e_trace,365,,99.0,0.0609550602235,0.0266085388968124
4,0.09,0.75,0.05,all_soft,glb_dyn_e2e_trace,365,,99.9,0.0619788397538541,0.0270960456813686
4,0.09,0.75,0.05,all_soft,glb_dyn_e2e_trace,365,,99.99,0.0620508280153228,0.0271447963598243
4,0.09,0.75,0.05,all_soft,glb_dyn_e2e_trace,385,,90.0,0.0492717297582916,0.0229720484096874
4,0.09,0.75,0.05,all_soft,glb_dyn_e2e_trace,385,,95.0,0.0519711508936249,0.0244627284284374
4,0.09,0.75,0.05,all_soft,glb_dyn_e2e_trace,385,,99.0,0.0545292726628499,0.0253646388524999
4,0.09,0.75,0.05,all_soft,glb_dyn_e2e_trace,385,,99.9,0.0555325509568083,0.0253646388524999
4,0.09,0.75,0.05,all_soft,glb_dyn_e2e_trace,385,,99.99,0.0556398446479307,0.0253646388524999
4,0.09,0.75,0.05,all_soft,dynamic_e2e_trace,285,,90.0,0.0897975624546666,0.0987196499378125
4,0.09,0.75,0.05,all_soft,dynamic_e2e_trace,285,,95.0,0.0898036775923124,0.0994682703325
4,0.09,0.75,0.05,all_soft,dynamic_e2e_trace,285,,99.0,0.0899006202804166,0.0999546644182812
4,0.09,0.75,0.05,all_soft,dynamic_e2e_trace,285,,99.9,0.0899006202804166,0.0999607886042656
4,0.09,0.75,0.05,all_soft,dynamic_e2e_trace,285,,99.99,0.0899006202804166,0.099961401022864
4,0.09,0.75,0.05,all_soft,dynamic_e2e_trace,290,,90.0,0.0897951336714583,0.0985901484112499
4,0.09,0.75,0.05,all_soft,dynamic_e2e_trace,290,,95.0,0.0898029983479374,0.09908628791125
4,0.09,0.75,0.05,all_soft,dynamic_e2e_trace,290,,99.0,0.0898097548539375,0.0993245744235937
4,0.09,0.75,0.05,all_soft,dynamic_e2e_trace,290,,99.9,0.0898635817853625,0.0997903561802343
4,0.09,0.75,0.05,all_soft,dynamic_e2e_trace,290,,99.99,0.0898699077447862,0.0998369343558984
4,0.09,0.75,0.05,all_soft,dynamic_e2e_trace,295,,90.0,0.0898035643849166,0.0987933928015624
4,0.09,0.75,0.05,all_soft,dynamic_e2e_trace,295,,95.0,0.0898182069468749,0.099132961886875
4,0.09,0.75,0.05,all_soft,dynamic_e2e_trace,295,,99.0,0.0898925522512916,0.0995935451815936
4,0.09,0.75,0.05,all_soft,dynamic_e2e_trace,295,,99.9,0.0899156251060416,0.0995941259355343
4,0.09,0.75,0.05,all_soft,dynamic_e2e_trace,295,,99.99,0.0899156251060416,0.0995941840109284
4,0.09,0.75,0.05,all_soft,dynamic_e2e_trace,300,,90.0,0.0898037907997083,0.0988980869587499
4,0.09,0.75,0.05,all_soft,dynamic_e2e_trace,300,,95.0,0.0898182069468749,0.0991322826425
4,0.09,0.75,0.05,all_soft,dynamic_e2e_trace,300,,99.0,0.0899080881165166,0.0995935451815936
4,0.09,0.75,0.05,all_soft,dynamic_e2e_trace,300,,99.9,0.0899156251060416,0.0995941259355343
4,0.09,0.75,0.05,all_soft,dynamic_e2e_trace,300,,99.99,0.0899156251060416,0.0995941840109284
4,0.09,0.75,0.05,all_soft,dynamic_e2e_trace,305,,90.0,0.0898027492916666,0.0970737193809375
4,0.09,0.75,0.05,all_soft,dynamic_e2e_trace,305,,95.0,0.089803881365625,0.0984970474954687
4,0.09,0.75,0.05,all_soft,dynamic_e2e_trace,305,,99.0,0.0898182069468749,0.0995935451815936
4,0.09,0.75,0.05,all_soft,dynamic_e2e_trace,305,,99.9,0.0898182069468749,0.0995941259355343
4,0.09,0.75,0.05,all_soft,dynamic_e2e_trace,305,,99.99,0.0898182069468749,0.0995941840109284
4,0.09,0.75,0.05,all_soft,dynamic_e2e_trace,325,,90.0,0.0898035643849166,0.0946044066990625
4,0.09,0.75,0.05,all_soft,dynamic_e2e_trace,325,,95.0,0.0898103649118749,0.0972478957621875
4,0.09,0.75,0.05,all_soft,dynamic_e2e_trace,325,,99.0,0.0898110441562499,0.0988166008741874
4,0.09,0.75,0.05,all_soft,dynamic_e2e_trace,325,,99.9,0.0898110441562499,0.0995093736732937
4,0.09,0.75,0.05,all_soft,dynamic_e2e_trace,325,,99.99,0.0898110441562499,0.0995786509532043
4,0.09,0.75,0.05,all_soft,dynamic_e2e_trace,335,,90.0,0.089803881365625,0.0939595388193749
4,0.09,0.75,0.05,all_soft,dynamic_e2e_trace,335,,95.0,0.0898110441562499,0.0953918590343749
4,0.09,0.75,0.05,all_soft,dynamic_e2e_trace,335,,99.0,0.0898182069468749,0.097393231075
4,0.09,0.75,0.05,all_soft,dynamic_e2e_trace,335,,99.9,0.0898182069468749,0.0996612146449375
4,0.09,0.75,0.05,all_soft,dynamic_e2e_trace,335,,99.99,0.0898182069468749,0.0998880130019312
4,0.09,0.75,0.05,all_soft,dynamic_e2e_trace,340,,90.0,0.089803881365625,0.0939595388193749
4,0.09,0.75,0.05,all_soft,dynamic_e2e_trace,340,,95.0,0.0898110441562499,0.0952680692229687
4,0.09,0.75,0.05,all_soft,dynamic_e2e_trace,340,,99.0,0.0898182069468749,0.0973738868903437
4,0.09,0.75,0.05,all_soft,dynamic_e2e_trace,340,,99.9,0.0898182069468749,0.0993110849026593
4,0.09,0.75,0.05,all_soft,dynamic_e2e_trace,340,,99.99,0.0898182069468749,0.0995048047038909
4,0.09,0.75,0.05,all_soft,dynamic_e2e_trace,345,,90.0,0.089803881365625,0.0939595388193749
4,0.09,0.75,0.05,all_soft,dynamic_e2e_trace,345,,95.0,0.0898110441562499,0.0953918590343749
4,0.09,0.75,0.05,all_soft,dynamic_e2e_trace,345,,99.0,0.0898182069468749,0.097393231075
4,0.09,0.75,0.05,all_soft,dynamic_e2e_trace,345,,99.9,0.0898182069468749,0.0996612146449375
4,0.09,0.75,0.05,all_soft,dynamic_e2e_trace,345,,99.99,0.0898182069468749,0.0998880130019312
4,0.09,0.75,0.05,all_soft,dynamic_e2e_trace,350,,90.0,0.089803881365625,0.0939595388193749
4,0.09,0.75,0.05,all_soft,dynamic_e2e_trace,350,,95.0,0.0898110441562499,0.0953918590343749
4,0.09,0.75,0.05,all_soft,dynamic_e2e_trace,350,,99.0,0.0898182069468749,0.097393231075
4,0.09,0.75,0.05,all_soft,dynamic_e2e_trace,350,,99.9,0.0898182069468749,0.0996612146449375
4,0.09,0.75,0.05,all_soft,dynamic_e2e_trace,350,,99.99,0.0898182069468749,0.0998880130019312
4,0.09,0.75,0.05,all_soft,dynamic_e2e_trace,355,,90.0,0.089803881365625,0.0939595388193749
4,0.09,0.75,0.05,all_soft,dynamic_e2e_trace,355,,95.0,0.0898110441562499,0.0946027858125
4,0.09,0.75,0.05,all_soft,dynamic_e2e_trace,355,,99.0,0.0898182069468749,0.0972537958057812
4,0.09,0.75,0.05,all_soft,dynamic_e2e_trace,355,,99.9,0.0898182069468749,0.0972599199917656
4,0.09,0.75,0.05,all_soft,dynamic_e2e_trace,355,,99.99,0.0898182069468749,0.097260532410364
4,0.09,0.75,0.05,all_soft,dynamic_e2e_trace,365,,90.0,0.089803881365625,0.0939562970462499
4,0.09,0.75,0.05,all_soft,dynamic_e2e_trace,365,,95.0,0.0898110441562499,0.0939595388193749
4,0.09,0.75,0.05,all_soft,dynamic_e2e_trace,365,,99.0,0.0898182069468749,0.0939595388193749
4,0.09,0.75,0.05,all_soft,dynamic_e2e_trace,365,,99.9,0.0898182069468749,0.0939595388193749
4,0.09,0.75,0.05,all_soft,dynamic_e2e_trace,365,,99.99,0.0898182069468749,0.0939595388193749
4,0.09,0.75,0.05,all_soft,dynamic_e2e_trace,385,,90.0,0.089803881365625,0.0939562970462499
4,0.09,0.75,0.05,all_soft,dynamic_e2e_trace,385,,95.0,0.0898110441562499,0.0939595388193749
4,0.09,0.75,0.05,all_soft,dynamic_e2e_trace,385,,99.0,0.0898182069468749,0.0939595388193749
4,0.09,0.75,0.05,all_soft,dynamic_e2e_trace,385,,99.9,0.0898182069468749,0.0939595388193749
4,0.09,0.75,0.05,all_soft,dynamic_e2e_trace,385,,99.99,0.0898182069468749,0.0939595388193749
6,0.09,0.75,0.05,all_soft,glb_dyn_e2e_trace,310,,90.0,0.0817342778962291,0.0917189787313749
6,0.09,0.75,0.05,all_soft,glb_dyn_e2e_trace,310,,95.0,0.0840602071313958,0.0961434834666562
6,0.09,0.75,0.05,all_soft,glb_dyn_e2e_trace,310,,99.0,0.0862232483224874,0.0976482856253499
6,0.09,0.75,0.05,all_soft,glb_dyn_e2e_trace,310,,99.9,0.0871700305953112,0.0979579852262499
6,0.09,0.75,0.05,all_soft,glb_dyn_e2e_trace,310,,99.99,0.0872647088225936,0.0979579852262499
6,0.09,0.75,0.05,all_soft,glb_dyn_e2e_trace,315,,90.0,0.0789478138532291,0.0852170636107499
6,0.09,0.75,0.05,all_soft,glb_dyn_e2e_trace,315,,95.0,0.0807767135055624,0.0882632053012811
6,0.09,0.75,0.05,all_soft,glb_dyn_e2e_trace,315,,99.0,0.0857527485306708,0.0920904982138499
6,0.09,0.75,0.05,all_soft,glb_dyn_e2e_trace,315,,99.9,0.0870284502146921,0.0927083669234362
6,0.09,0.75,0.05,all_soft,glb_dyn_e2e_trace,315,,99.99,0.0871560203830941,0.092774025039406
6,0.09,0.75,0.05,all_soft,glb_dyn_e2e_trace,320,,90.0,0.0767757338821875,0.080173105035125
6,0.09,0.75,0.05,all_soft,glb_dyn_e2e_trace,320,,95.0,0.0807492226776041,0.0838136863508437
6,0.09,0.75,0.05,all_soft,glb_dyn_e2e_trace,320,,99.0,0.0860420415687208,0.0885727668943249
6,0.09,0.75,0.05,all_soft,glb_dyn_e2e_trace,320,,99.9,0.0873409707228096,0.089280829610743
6,0.09,0.75,0.05,all_soft,glb_dyn_e2e_trace,320,,99.99,0.0874708636382184,0.0893522810898867
6,0.09,0.75,0.05,all_soft,glb_dyn_e2e_trace,340,,90.0,0.0292439523135416,0.0178507655749999
6,0.09,0.75,0.05,all_soft,glb_dyn_e2e_trace,340,,95.0,0.0353903883898958,0.0178689936564062
6,0.09,0.75,0.05,all_soft,glb_dyn_e2e_trace,340,,99.0,0.0393046516687374,0.0178926228605437
6,0.09,0.75,0.05,all_soft,glb_dyn_e2e_trace,340,,99.9,0.0393110900326687,0.0178990534471906
6,0.09,0.75,0.05,all_soft,glb_dyn_e2e_trace,340,,99.99,0.0393118765070793,0.017899975298344
6,0.09,0.75,0.05,all_soft,glb_dyn_e2e_trace,360,,90.0,0.0272633153310416,0.0166323058098124
6,0.09,0.75,0.05,all_soft,glb_dyn_e2e_trace,360,,95.0,0.0337863725305833,0.0166475144087499
6,0.09,0.75,0.05,all_soft,glb_dyn_e2e_trace,360,,99.0,0.0376991353268624,0.0166622271592937
6,0.09,0.75,0.05,all_soft,glb_dyn_e2e_trace,360,,99.9,0.0377055736907937,0.0166686577459406
6,0.09,0.75,0.05,all_soft,glb_dyn_e2e_trace,360,,99.99,0.0377063601652043,0.016669579597094
6,0.09,0.75,0.05,all_soft,glb_dyn_e2e_trace,380,,90.0,0.0263330161422916,0.0155795474811249
6,0.09,0.75,0.05,all_soft,glb_dyn_e2e_trace,380,,95.0,0.0323609140962083,0.0155964973706249
6,0.09,0.75,0.05,all_soft,glb_dyn_e2e_trace,380,,99.0,0.0362736768924875,0.0156131842313124
6,0.09,0.75,0.05,all_soft,glb_dyn_e2e_trace,380,,99.9,0.0362801152564187,0.0156193442312499
6,0.09,0.75,0.05,all_soft,glb_dyn_e2e_trace,380,,99.99,0.0362809017308293,0.0156193442312499
6,0.09,0.75,0.05,all_soft,glb_dyn_e2e_trace,400,,90.0,0.0255077507329166,0.0146718913796874
6,0.09,0.75,0.05,all_soft,glb_dyn_e2e_trace,400,,95.0,0.0310704990924582,0.014681882251875
6,0.09,0.75,0.05,all_soft,glb_dyn_e2e_trace,400,,99.0,0.0349832618887374,0.0146965950024187
6,0.09,0.75,0.05,all_soft,glb_dyn_e2e_trace,400,,99.9,0.0349897002526687,0.0147030255890656
6,0.09,0.75,0.05,all_soft,glb_dyn_e2e_trace,400,,99.99,0.0349904867270793,0.014703947440219
6,0.09,0.75,0.05,all_soft,glb_dyn_e2e_trace,405,,90.0,0.0253276928254166,0.0144391807336249
6,0.09,0.75,0.05,all_soft,glb_dyn_e2e_trace,405,,95.0,0.0307787880104583,0.0144628982395312
6,0.09,0.75,0.05,all_soft,glb_dyn_e2e_trace,405,,99.0,0.0346962140110749,0.0144758974837812
6,0.09,0.75,0.05,all_soft,glb_dyn_e2e_trace,405,,99.9,0.0347045256979799,0.0144789774837499
6,0.09,0.75,0.05,all_soft,glb_dyn_e2e_trace,405,,99.99,0.0347053867534229,0.0144789774837499
6,0.09,0.75,0.05,all_soft,glb_dyn_e2e_trace,410,,90.0,0.0251476349179166,0.0141793564423125
6,0.09,0.75,0.05,all_soft,glb_dyn_e2e_trace,410,,95.0,0.0304923687245833,0.0142539050993749
6,0.09,0.75,0.05,all_soft,glb_dyn_e2e_trace,410,,99.0,0.0344109728904374,0.0142699127156874
6,0.09,0.75,0.05,all_soft,glb_dyn_e2e_trace,410,,99.9,0.0344131450809362,0.0142766548280543
6,0.09,0.75,0.05,all_soft,glb_dyn_e2e_trace,410,,99.99,0.0344132196619686,0.0142767422468054
6,0.09,0.75,0.05,all_soft,glb_dyn_e2e_trace,415,,90.0,0.0249675770104166,0.0140121545232499
6,0.09,0.75,0.05,all_soft,glb_dyn_e2e_trace,415,,95.0,0.0301864740551458,0.0140416887034374
6,0.09,0.75,0.05,all_soft,glb_dyn_e2e_trace,415,,99.0,0.034104243397925,0.0140742343611687
6,0.09,0.75,0.05,all_soft,glb_dyn_e2e_trace,415,,99.9,0.0341185465059624,0.0140806649478156
6,0.09,0.75,0.05,all_soft,glb_dyn_e2e_trace,415,,99.99,0.0341201194547837,0.014081586798969
6,0.09,0.75,0.05,all_soft,glb_dyn_e2e_trace,420,,90.0,0.0248025239285416,0.0138409327724999
6,0.09,0.75,0.05,all_soft,glb_dyn_e2e_trace,420,,95.0,0.0299221853508333,0.0138487748074999
6,0.09,0.75,0.05,all_soft,glb_dyn_e2e_trace,420,,99.0,0.0338407895166874,0.0138566168424999
6,0.09,0.75,0.05,all_soft,glb_dyn_e2e_trace,420,,99.9,0.0338429617071862,0.0138627553540656
6,0.09,0.75,0.05,all_soft,glb_dyn_e2e_trace,420,,99.99,0.0338430362882186,0.013863677205219
6,0.09,0.75,0.05,all_soft,glb_dyn_e2e_trace,440,,90.0,0.0288875686617708,0.013099212770625
6,0.09,0.75,0.05,all_soft,glb_dyn_e2e_trace,440,,95.0,0.0327920275368749,0.0131063755612499
6,0.09,0.75,0.05,all_soft,glb_dyn_e2e_trace,440,,99.0,0.032799869571875,0.0131510979630437
6,0.09,0.75,0.05,all_soft,glb_dyn_e2e_trace,440,,99.9,0.032799869571875,0.0131575285496906
6,0.09,0.75,0.05,all_soft,glb_dyn_e2e_trace,440,,99.99,0.032799869571875,0.013158450400844
6,0.09,0.75,0.05,all_soft,dynamic_e2e_trace,310,,90.0,0.0898103649118749,0.09716054359625
6,0.09,0.75,0.05,all_soft,dynamic_e2e_trace,310,,95.0,0.0898182069468749,0.0992709074684374
6,0.09,0.75,0.05,all_soft,dynamic_e2e_trace,310,,99.0,0.0898828800094666,0.0998834600354937
6,0.09,0.75,0.05,all_soft,dynamic_e2e_trace,310,,99.9,0.0899006202804166,0.0999094821447487
6,0.09,0.75,0.05,all_soft,dynamic_e2e_trace,310,,99.99,0.0899006202804166,0.0999128397519123
6,0.09,0.75,0.05,all_soft,dynamic_e2e_trace,315,,90.0,0.0898077714933749,0.0972584516196875
6,0.09,0.75,0.05,all_soft,dynamic_e2e_trace,315,,95.0,0.0898110441562499,0.0996873932661874
6,0.09,0.75,0.05,all_soft,dynamic_e2e_trace,315,,99.0,0.0898381627504625,0.0999150606300562
6,0.09,0.75,0.05,all_soft,dynamic_e2e_trace,315,,99.9,0.0898484430129166,0.0999874708942981
6,0.09,0.75,0.05,all_soft,dynamic_e2e_trace,315,,99.99,0.0898484430129166,0.0999981357694922
6,0.09,0.75,0.05,all_soft,dynamic_e2e_trace,320,,90.0,0.0898107724584999,0.0968983358046875
6,0.09,0.75,0.05,all_soft,dynamic_e2e_trace,320,,95.0,0.0898182069468749,0.0972533357795937
6,0.09,0.75,0.05,all_soft,dynamic_e2e_trace,320,,99.0,0.0899080881165166,0.0997774389103062
6,0.09,0.75,0.05,all_soft,dynamic_e2e_trace,320,,99.9,0.0899156251060416,0.0999094821447487
6,0.09,0.75,0.05,all_soft,dynamic_e2e_trace,320,,99.99,0.0899156251060416,0.0999128397519123
6,0.09,0.75,0.05,all_soft,dynamic_e2e_trace,340,,90.0,0.0898107724584999,0.0965029926116874
6,0.09,0.75,0.05,all_soft,dynamic_e2e_trace,340,,95.0,0.0898182069468749,0.0968061425688749
6,0.09,0.75,0.05,all_soft,dynamic_e2e_trace,340,,99.0,0.0899053477222291,0.0972531455911687
6,0.09,0.75,0.05,all_soft,dynamic_e2e_trace,340,,99.9,0.0899077830710416,0.0972595761778156
6,0.09,0.75,0.05,all_soft,dynamic_e2e_trace,340,,99.99,0.0899077830710416,0.097260498028969
6,0.09,0.75,0.05,all_soft,dynamic_e2e_trace,360,,90.0,0.089803881365625,0.0939595388193749
6,0.09,0.75,0.05,all_soft,dynamic_e2e_trace,360,,95.0,0.0898110441562499,0.0945046323310937
6,0.09,0.75,0.05,all_soft,dynamic_e2e_trace,360,,99.0,0.0898182069468749,0.0972575204569062
6,0.09,0.75,0.05,all_soft,dynamic_e2e_trace,360,,99.9,0.0898182069468749,0.0995338892515375
6,0.09,0.75,0.05,all_soft,dynamic_e2e_trace,360,,99.99,0.0898182069468749,0.0998752804625912
6,0.09,0.75,0.05,all_soft,dynamic_e2e_trace,380,,90.0,0.089803881365625,0.0939595388193749
6,0.09,0.75,0.05,all_soft,dynamic_e2e_trace,380,,95.0,0.0898110441562499,0.0939595388193749
6,0.09,0.75,0.05,all_soft,dynamic_e2e_trace,380,,99.0,0.0898182069468749,0.0972531455911687
6,0.09,0.75,0.05,all_soft,dynamic_e2e_trace,380,,99.9,0.0898182069468749,0.0972595761778156
6,0.09,0.75,0.05,all_soft,dynamic_e2e_trace,380,,99.99,0.0898182069468749,0.097260498028969
6,0.09,0.75,0.05,all_soft,dynamic_e2e_trace,400,,90.0,0.089803881365625,0.0939562970462499
6,0.09,0.75,0.05,all_soft,dynamic_e2e_trace,400,,95.0,0.0898110441562499,0.0939595388193749
6,0.09,0.75,0.05,all_soft,dynamic_e2e_trace,400,,99.0,0.0898182069468749,0.0939595388193749
6,0.09,0.75,0.05,all_soft,dynamic_e2e_trace,400,,99.9,0.0898182069468749,0.0939595388193749
6,0.09,0.75,0.05,all_soft,dynamic_e2e_trace,400,,99.99,0.0898182069468749,0.0939595388193749
6,0.09,0.75,0.05,all_soft,dynamic_e2e_trace,405,,90.0,0.089803881365625,0.0939562970462499
6,0.09,0.75,0.05,all_soft,dynamic_e2e_trace,405,,95.0,0.0898110441562499,0.0939595388193749
6,0.09,0.75,0.05,all_soft,dynamic_e2e_trace,405,,99.0,0.0898182069468749,0.0939595388193749
6,0.09,0.75,0.05,all_soft,dynamic_e2e_trace,405,,99.9,0.0898182069468749,0.0939595388193749
6,0.09,0.75,0.05,all_soft,dynamic_e2e_trace,405,,99.99,0.0898182069468749,0.0939595388193749
6,0.09,0.75,0.05,all_soft,dynamic_e2e_trace,410,,90.0,0.089803881365625,0.0939562970462499
6,0.09,0.75,0.05,all_soft,dynamic_e2e_trace,410,,95.0,0.0898110441562499,0.0939595388193749
6,0.09,0.75,0.05,all_soft,dynamic_e2e_trace,410,,99.0,0.0898182069468749,0.0939595388193749
6,0.09,0.75,0.05,all_soft,dynamic_e2e_trace,410,,99.9,0.0898182069468749,0.0939595388193749
6,0.09,0.75,0.05,all_soft,dynamic_e2e_trace,410,,99.99,0.0898182069468749,0.0939595388193749
6,0.09,0.75,0.05,all_soft,dynamic_e2e_trace,415,,90.0,0.089803881365625,0.0939562970462499
6,0.09,0.75,0.05,all_soft,dynamic_e2e_trace,415,,95.0,0.0898110441562499,0.0939595388193749
6,0.09,0.75,0.05,all_soft,dynamic_e2e_trace,415,,99.0,0.0898182069468749,0.0939595388193749
6,0.09,0.75,0.05,all_soft,dynamic_e2e_trace,415,,99.9,0.0898182069468749,0.0939595388193749
6,0.09,0.75,0.05,all_soft,dynamic_e2e_trace,415,,99.99,0.0898182069468749,0.0939595388193749
6,0.09,0.75,0.05,all_soft,dynamic_e2e_trace,420,,90.0,0.089803881365625,0.0939562970462499
6,0.09,0.75,0.05,all_soft,dynamic_e2e_trace,420,,95.0,0.0898110441562499,0.0939595388193749
6,0.09,0.75,0.05,all_soft,dynamic_e2e_trace,420,,99.0,0.0898182069468749,0.0939595388193749
6,0.09,0.75,0.05,all_soft,dynamic_e2e_trace,420,,99.9,0.0898182069468749,0.0939595388193749
6,0.09,0.75,0.05,all_soft,dynamic_e2e_trace,420,,99.99,0.0898182069468749,0.0939595388193749
6,0.09,0.75,0.05,all_soft,dynamic_e2e_trace,440,,90.0,0.089803881365625,0.0939562970462499
6,0.09,0.75,0.05,all_soft,dynamic_e2e_trace,440,,95.0,0.0898110441562499,0.0939595388193749
6,0.09,0.75,0.05,all_soft,dynamic_e2e_trace,440,,99.0,0.0898182069468749,0.0939595388193749
6,0.09,0.75,0.05,all_soft,dynamic_e2e_trace,440,,99.9,0.0898182069468749,0.0939595388193749
6,0.09,0.75,0.05,all_soft,dynamic_e2e_trace,440,,99.99,0.0898182069468749,0.0939595388193749
1,1.0,0.75,0.05,all_soft,glb_dyn_e2e_trace,200,,90.0,0.0498635533234999,0.0155999738068124
1,1.0,0.75,0.05,all_soft,glb_dyn_e2e_trace,200,,95.0,0.0531604978926249,0.0164060231579687
1,1.0,0.75,0.05,all_soft,glb_dyn_e2e_trace,200,,99.0,0.0567868250446666,0.0171143886198249
1,1.0,0.75,0.05,all_soft,glb_dyn_e2e_trace,200,,99.9,0.0582464700220666,0.0172742772616074
1,1.0,0.75,0.05,all_soft,glb_dyn_e2e_trace,200,,99.99,0.0583960356779566,0.0172902661257857
1,1.0,0.75,0.05,all_soft,glb_dyn_e2e_trace,220,,90.0,0.0880053075564999,0.0932584738404999
1,1.0,0.75,0.05,all_soft,glb_dyn_e2e_trace,220,,95.0,0.0914822723411458,0.0956689990771562
1,1.0,0.75,0.05,all_soft,glb_dyn_e2e_trace,220,,99.0,0.0951267709971874,0.0961281649596312
1,1.0,0.75,0.05,all_soft,glb_dyn_e2e_trace,220,,99.9,0.0952710907382187,0.0961445066047756
1,1.0,0.75,0.05,all_soft,glb_dyn_e2e_trace,220,,99.99,0.0952855227123218,0.09614614076929
1,1.0,0.75,0.05,all_soft,glb_dyn_e2e_trace,240,,90.0,0.0907202305783333,0.0587401966674999
1,1.0,0.75,0.05,all_soft,glb_dyn_e2e_trace,240,,95.0,0.0955318783320833,0.062921385492125
1,1.0,0.75,0.05,all_soft,glb_dyn_e2e_trace,240,,99.0,0.0977631489079166,0.0641124988089874
1,1.0,0.75,0.05,all_soft,glb_dyn_e2e_trace,240,,99.9,0.0988703012657291,0.0642561864092112
1,1.0,0.75,0.05,all_soft,glb_dyn_e2e_trace,240,,99.99,0.0989810165015103,0.0642705551692335
1,1.0,0.75,0.05,all_soft,glb_dyn_e2e_trace,245,,90.0,0.0864431914757083,0.044335820320375
1,1.0,0.75,0.05,all_soft,glb_dyn_e2e_trace,245,,95.0,0.0914459963899582,0.0461217264694999
1,1.0,0.75,0.05,all_soft,glb_dyn_e2e_trace,245,,99.0,0.0960533163998833,0.0514613134576625
1,1.0,0.75,0.05,all_soft,glb_dyn_e2e_trace,245,,99.9,0.0992115504879641,0.0528457773183913
1,1.0,0.75,0.05,all_soft,glb_dyn_e2e_trace,245,,99.99,0.0995823238323588,0.0529842237044641
1,1.0,0.75,0.05,all_soft,glb_dyn_e2e_trace,250,,90.0,0.0802786060372916,0.0342748284859374
1,1.0,0.75,0.05,all_soft,glb_dyn_e2e_trace,250,,95.0,0.0856301259777082,0.0351429518125625
1,1.0,0.75,0.05,all_soft,glb_dyn_e2e_trace,250,,99.0,0.0904553160557083,0.0384308212439125
1,1.0,0.75,0.05,all_soft,glb_dyn_e2e_trace,250,,99.9,0.0936321561275641,0.0392942889393287
1,1.0,0.75,0.05,all_soft,glb_dyn_e2e_trace,250,,99.99,0.0939872644340063,0.0393806357088703
1,1.0,0.75,0.05,all_soft,glb_dyn_e2e_trace,255,,90.0,0.034222930638625,0.0109280515373749
1,1.0,0.75,0.05,all_soft,glb_dyn_e2e_trace,255,,95.0,0.0381337907423333,0.0109305739589687
1,1.0,0.75,0.05,all_soft,glb_dyn_e2e_trace,255,,99.0,0.0381664152245749,0.0109361911944062
1,1.0,0.75,0.05,all_soft,glb_dyn_e2e_trace,255,,99.9,0.0381717447680691,0.0109376738920656
1,1.0,0.75,0.05,all_soft,glb_dyn_e2e_trace,255,,99.99,0.0381718156811819,0.0109378221618315
1,1.0,0.75,0.05,all_soft,glb_dyn_e2e_trace,260,,90.0,0.0336704813578749,0.0106789714319999
1,1.0,0.75,0.05,all_soft,glb_dyn_e2e_trace,260,,95.0,0.0375786121942082,0.0106904967489687
1,1.0,0.75,0.05,all_soft,glb_dyn_e2e_trace,260,,99.0,0.037586599134675,0.0106961139844062
1,1.0,0.75,0.05,all_soft,glb_dyn_e2e_trace,260,,99.9,0.0375933675693058,0.0106975966820656
1,1.0,0.75,0.05,all_soft,glb_dyn_e2e_trace,260,,99.99,0.0375941626400555,0.0106977449518315
1,1.0,0.75,0.05,all_soft,glb_dyn_e2e_trace,280,,90.0,0.0318471763520833,0.0096976558361249
1,1.0,0.75,0.05,all_soft,glb_dyn_e2e_trace,280,,95.0,0.0355544694656666,0.0097062666297499
1,1.0,0.75,0.05,all_soft,glb_dyn_e2e_trace,280,,99.0,0.0356513434210125,0.0097134813019499
1,1.0,0.75,0.05,all_soft,glb_dyn_e2e_trace,280,,99.9,0.0356577832663312,0.0097151046031949
1,1.0,0.75,0.05,all_soft,glb_dyn_e2e_trace,280,,99.99,0.0356585439546956,0.0097152669333194
1,1.0,0.75,0.05,all_soft,dynamic_e2e_trace,200,,90.0,0.0983713949378333,0.0993141127303125
1,1.0,0.75,0.05,all_soft,dynamic_e2e_trace,200,,95.0,0.0997946664486666,0.0993423471287812
1,1.0,0.75,0.05,all_soft,dynamic_e2e_trace,200,,99.0,0.0998285250853499,0.0993489236102625
1,1.0,0.75,0.05,all_soft,dynamic_e2e_trace,200,,99.9,0.0999082729617225,0.0993494540537137
1,1.0,0.75,0.05,all_soft,dynamic_e2e_trace,200,,99.99,0.0999162477493597,0.0993495070980588
1,1.0,0.75,0.05,all_soft,dynamic_e2e_trace,220,,90.0,0.0997893211213124,0.0993529369484999
1,1.0,0.75,0.05,all_soft,dynamic_e2e_trace,220,,95.0,0.0997962574971458,0.0993568687609062
1,1.0,0.75,0.05,all_soft,dynamic_e2e_trace,220,,99.0,0.0999249069122771,0.0993578780450437
1,1.0,0.75,0.05,all_soft,dynamic_e2e_trace,220,,99.9,0.0999717247433527,0.0993580186486293
1,1.0,0.75,0.05,all_soft,dynamic_e2e_trace,220,,99.99,0.0999764065264602,0.0993580327089879
1,1.0,0.75,0.05,all_soft,dynamic_e2e_trace,240,,90.0,0.0997890041406041,0.0993522577041249
1,1.0,0.75,0.05,all_soft,dynamic_e2e_trace,240,,95.0,0.0997962574971458,0.0993567668742499
1,1.0,0.75,0.05,all_soft,dynamic_e2e_trace,240,,99.0,0.09989063147855,0.0993719279260812
1,1.0,0.75,0.05,all_soft,dynamic_e2e_trace,240,,99.9,0.0999144836010425,0.0993758455756081
1,1.0,0.75,0.05,all_soft,dynamic_e2e_trace,240,,99.99,0.0999168688132917,0.0993762373405608
1,1.0,0.75,0.05,all_soft,dynamic_e2e_trace,245,,90.0,0.0997890041406041,0.0993522577041249
1,1.0,0.75,0.05,all_soft,dynamic_e2e_trace,245,,95.0,0.0997962574971458,0.0993567668742499
1,1.0,0.75,0.05,all_soft,dynamic_e2e_trace,245,,99.0,0.0998972570681312,0.0993719279260812
1,1.0,0.75,0.05,all_soft,dynamic_e2e_trace,245,,99.9,0.0999151461600006,0.0993758455756081
1,1.0,0.75,0.05,all_soft,dynamic_e2e_trace,245,,99.99,0.0999169350691875,0.0993762373405608
1,1.0,0.75,0.05,all_soft,dynamic_e2e_trace,250,,90.0,0.0997890041406041,0.09913267474425
1,1.0,0.75,0.05,all_soft,dynamic_e2e_trace,250,,95.0,0.099811107956552,0.0993528458567499
1,1.0,0.75,0.05,all_soft,dynamic_e2e_trace,250,,99.0,0.0999167398751375,0.0993569762110187
1,1.0,0.75,0.05,all_soft,dynamic_e2e_trace,250,,99.9,0.0999170944407012,0.0993579284652268
1,1.0,0.75,0.05,all_soft,dynamic_e2e_trace,250,,99.99,0.0999171298972576,0.0993580236906476
1,1.0,0.75,0.05,all_soft,dynamic_e2e_trace,255,,90.0,0.0997883475377083,0.0993430664803124
1,1.0,0.75,0.05,all_soft,dynamic_e2e_trace,255,,95.0,0.0997960084408749,0.0993561787216249
1,1.0,0.75,0.05,all_soft,dynamic_e2e_trace,255,,99.0,0.0998180443488916,0.0998431341057562
1,1.0,0.75,0.05,all_soft,dynamic_e2e_trace,255,,99.9,0.0998659880046225,0.0999737266633256
1,1.0,0.75,0.05,all_soft,dynamic_e2e_trace,255,,99.99,0.0998715062244622,0.0999867859190825
1,1.0,0.75,0.05,all_soft,dynamic_e2e_trace,260,,90.0,0.0998035787781249,0.0993499884629374
1,1.0,0.75,0.05,all_soft,dynamic_e2e_trace,260,,95.0,0.0998064747841249,0.0993562806082812
1,1.0,0.75,0.05,all_soft,dynamic_e2e_trace,260,,99.0,0.099917133836875,0.0993578780450437
1,1.0,0.75,0.05,all_soft,dynamic_e2e_trace,260,,99.9,0.0999689144776304,0.0993580186486293
1,1.0,0.75,0.05,all_soft,dynamic_e2e_trace,260,,99.99,0.099976125499888,0.0993580327089879
1,1.0,0.75,0.05,all_soft,dynamic_e2e_trace,280,,90.0,0.0997960990067916,0.0992900216399999
1,1.0,0.75,0.05,all_soft,dynamic_e2e_trace,280,,95.0,0.0998013023403333,0.0993500903495937
1,1.0,0.75,0.05,all_soft,dynamic_e2e_trace,280,,99.0,0.099917133836875,0.0993557075850312
1,1.0,0.75,0.05,all_soft,dynamic_e2e_trace,280,,99.9,0.0999689144776304,0.0993571902826906
1,1.0,0.75,0.05,all_soft,dynamic_e2e_trace,280,,99.99,0.099976125499888,0.0993573385524565
4,0.09,0.75,0.05,all_soft,glb_dyn_e2e_trace,285,,90.0,0.0792878584096041,0.0819892693659374
4,0.09,0.75,0.05,all_soft,glb_dyn_e2e_trace,285,,95.0,0.0826303340854895,0.0831203430029687
4,0.09,0.75,0.05,all_soft,glb_dyn_e2e_trace,285,,99.0,0.0860032500048895,0.0871215001598749
4,0.09,0.75,0.05,all_soft,glb_dyn_e2e_trace,285,,99.9,0.0860205200044889,0.0875833486926124
4,0.09,0.75,0.05,all_soft,glb_dyn_e2e_trace,285,,99.99,0.0860222470044489,0.0876295335458862
4,0.09,0.75,0.05,all_soft,glb_dyn_e2e_trace,290,,90.0,0.0786370032557916,0.0713658528234374
4,0.09,0.75,0.05,all_soft,glb_dyn_e2e_trace,290,,95.0,0.0832143194769166,0.0744566770910937
4,0.09,0.75,0.05,all_soft,glb_dyn_e2e_trace,290,,99.0,0.0881370498991958,0.0782937506255937
4,0.09,0.75,0.05,all_soft,glb_dyn_e2e_trace,290,,99.9,0.0900149122781071,0.0787940865360593
4,0.09,0.75,0.05,all_soft,glb_dyn_e2e_trace,290,,99.99,0.0902026985159982,0.0788441201271059
4,0.09,0.75,0.05,all_soft,glb_dyn_e2e_trace,295,,90.0,0.0787000235234166,0.0729863739909374
4,0.09,0.75,0.05,all_soft,glb_dyn_e2e_trace,295,,95.0,0.0834926589922604,0.075173497136875
4,0.09,0.75,0.05,all_soft,glb_dyn_e2e_trace,295,,99.0,0.0882009704563583,0.0791134247238124
4,0.09,0.75,0.05,all_soft,glb_dyn_e2e_trace,295,,99.9,0.0899672869615733,0.0796522480120062
4,0.09,0.75,0.05,all_soft,glb_dyn_e2e_trace,295,,99.99,0.0901439186120948,0.0797061303408255
4,0.09,0.75,0.05,all_soft,glb_dyn_e2e_trace,300,,90.0,0.0812577504174166,0.0665943182746875
4,0.09,0.75,0.05,all_soft,glb_dyn_e2e_trace,300,,95.0,0.0842939618321353,0.0721469141992187
4,0.09,0.75,0.05,all_soft,glb_dyn_e2e_trace,300,,99.0,0.0882447256004625,0.0739419853323749
4,0.09,0.75,0.05,all_soft,glb_dyn_e2e_trace,300,,99.9,0.0887967846295462,0.0739899493660499
4,0.09,0.75,0.05,all_soft,glb_dyn_e2e_trace,300,,99.99,0.0888519905324546,0.0739947457694174
4,0.09,0.75,0.05,all_soft,glb_dyn_e2e_trace,305,,90.0,0.0790516034029166,0.0581651876687499
4,0.09,0.75,0.05,all_soft,glb_dyn_e2e_trace,305,,95.0,0.0831070950442395,0.0621059149040625
4,0.09,0.75,0.05,all_soft,glb_dyn_e2e_trace,305,,99.0,0.0858900572098062,0.06321073009625
4,0.09,0.75,0.05,all_soft,glb_dyn_e2e_trace,305,,99.9,0.0859682801491681,0.06321073009625
4,0.09,0.75,0.05,all_soft,glb_dyn_e2e_trace,305,,99.99,0.0859761024431043,0.06321073009625
4,0.09,0.75,0.05,all_soft,glb_dyn_e2e_trace,325,,90.0,0.0769379586195832,0.037252381765
4,0.09,0.75,0.05,all_soft,glb_dyn_e2e_trace,325,,95.0,0.0804594177843749,0.0450162289604687
4,0.09,0.75,0.05,all_soft,glb_dyn_e2e_trace,325,,99.0,0.0839508672979166,0.0464942382467499
4,0.09,0.75,0.05,all_soft,glb_dyn_e2e_trace,325,,99.9,0.0867396160269791,0.046542202280425
4,0.09,0.75,0.05,all_soft,glb_dyn_e2e_trace,325,,99.99,0.0870184908998853,0.0465469986837925
4,0.09,0.75,0.05,all_soft,glb_dyn_e2e_trace,335,,90.0,0.0697609169117499,0.0312804611662499
4,0.09,0.75,0.05,all_soft,glb_dyn_e2e_trace,335,,95.0,0.0739475045949582,0.0326034869621874
4,0.09,0.75,0.05,all_soft,glb_dyn_e2e_trace,335,,99.0,0.0786723355403332,0.0339232215779062
4,0.09,0.75,0.05,all_soft,glb_dyn_e2e_trace,335,,99.9,0.0811074028690608,0.0343465827329156
4,0.09,0.75,0.05,all_soft,glb_dyn_e2e_trace,335,,99.99,0.0813776365925935,0.0343889188484165
4,0.09,0.75,0.05,all_soft,glb_dyn_e2e_trace,340,,90.0,0.0673689820201666,0.0294534538353124
4,0.09,0.75,0.05,all_soft,glb_dyn_e2e_trace,340,,95.0,0.0706859983737499,0.031221422118125
4,0.09,0.75,0.05,all_soft,glb_dyn_e2e_trace,340,,99.0,0.0735955682616582,0.0318096297999687
4,0.09,0.75,0.05,all_soft,glb_dyn_e2e_trace,340,,99.9,0.0744723620923133,0.0322687066166843
4,0.09,0.75,0.05,all_soft,glb_dyn_e2e_trace,340,,99.99,0.0745357936771688,0.0323146142983559
4,0.09,0.75,0.05,all_soft,glb_dyn_e2e_trace,345,,90.0,0.0620742843662499,0.02755142237625
4,0.09,0.75,0.05,all_soft,glb_dyn_e2e_trace,345,,95.0,0.0662106398458333,0.0300068416857812
4,0.09,0.75,0.05,all_soft,glb_dyn_e2e_trace,345,,99.0,0.0707604795270416,0.0305743143094999
4,0.09,0.75,0.05,all_soft,glb_dyn_e2e_trace,345,,99.9,0.0719375938138082,0.0308822133313249
4,0.09,0.75,0.05,all_soft,glb_dyn_e2e_trace,345,,99.99,0.0720339456160682,0.0309130032335074
4,0.09,0.75,0.05,all_soft,glb_dyn_e2e_trace,350,,90.0,0.0618156132128749,0.0265412363996874
4,0.09,0.75,0.05,all_soft,glb_dyn_e2e_trace,350,,95.0,0.0655994679718332,0.0296751146354687
4,0.09,0.75,0.05,all_soft,glb_dyn_e2e_trace,350,,99.0,0.0697300596608582,0.0331341375611249
4,0.09,0.75,0.05,all_soft,glb_dyn_e2e_trace,350,,99.9,0.0721530030904808,0.0338525686120499
4,0.09,0.75,0.05,all_soft,glb_dyn_e2e_trace,350,,99.99,0.0724201038064229,0.0339244117171424
4,0.09,0.75,0.05,all_soft,glb_dyn_e2e_trace,355,,90.0,0.0568271946077082,0.0261230617909375
4,0.09,0.75,0.05,all_soft,glb_dyn_e2e_trace,355,,95.0,0.0603396055941666,0.0272107418376562
4,0.09,0.75,0.05,all_soft,glb_dyn_e2e_trace,355,,99.0,0.063951238618175,0.0282110542735624
4,0.09,0.75,0.05,all_soft,glb_dyn_e2e_trace,355,,99.9,0.0646037745621691,0.0286472445544812
4,0.09,0.75,0.05,all_soft,glb_dyn_e2e_trace,355,,99.99,0.0646765815320919,0.028690863582573
4,0.09,0.75,0.05,all_soft,glb_dyn_e2e_trace,365,,90.0,0.0537888609899583,0.0243802018875
4,0.09,0.75,0.05,all_soft,glb_dyn_e2e_trace,365,,95.0,0.0568300751688333,0.0255489573996874
4,0.09,0.75,0.05,all_soft,glb_dyn_e2e_trace,365,,99.0,0.0609550602235,0.0266085388968124
4,0.09,0.75,0.05,all_soft,glb_dyn_e2e_trace,365,,99.9,0.0619788397538541,0.0270960456813686
4,0.09,0.75,0.05,all_soft,glb_dyn_e2e_trace,365,,99.99,0.0620508280153228,0.0271447963598243
4,0.09,0.75,0.05,all_soft,glb_dyn_e2e_trace,385,,90.0,0.0492717297582916,0.0229720484096874
4,0.09,0.75,0.05,all_soft,glb_dyn_e2e_trace,385,,95.0,0.0519711508936249,0.0244627284284374
4,0.09,0.75,0.05,all_soft,glb_dyn_e2e_trace,385,,99.0,0.0545292726628499,0.0253646388524999
4,0.09,0.75,0.05,all_soft,glb_dyn_e2e_trace,385,,99.9,0.0555325509568083,0.0253646388524999
4,0.09,0.75,0.05,all_soft,glb_dyn_e2e_trace,385,,99.99,0.0556398446479307,0.0253646388524999
4,0.09,0.75,0.05,all_soft,dynamic_e2e_trace,285,,90.0,0.08979756245466666,0.09871964993781251
4,0.09,0.75,0.05,all_soft,dynamic_e2e_trace,285,,95.0,0.08980367759231249,0.0994682703325
4,0.09,0.75,0.05,all_soft,dynamic_e2e_trace,285,,99.0,0.08990062028041668,0.09995466441828124
4,0.09,0.75,0.05,all_soft,dynamic_e2e_trace,285,,99.9,0.08990062028041668,0.0999607886042656
4,0.09,0.75,0.05,all_soft,dynamic_e2e_trace,285,,99.99,0.08990062028041668,0.09996140102286404
4,0.09,0.75,0.05,all_soft,dynamic_e2e_trace,290,,90.0,0.0897951336714583,0.09859014841124997
4,0.09,0.75,0.05,all_soft,dynamic_e2e_trace,290,,95.0,0.08980299834793745,0.09908628791125002
4,0.09,0.75,0.05,all_soft,dynamic_e2e_trace,290,,99.0,0.0898097548539375,0.09932457442359374
4,0.09,0.75,0.05,all_soft,dynamic_e2e_trace,290,,99.9,0.08986358178536251,0.09979035618023438
4,0.09,0.75,0.05,all_soft,dynamic_e2e_trace,290,,99.99,0.08986990774478626,0.09983693435589844
4,0.09,0.75,0.05,all_soft,dynamic_e2e_trace,295,,90.0,0.08980356438491667,0.09879339280156249
4,0.09,0.75,0.05,all_soft,dynamic_e2e_trace,295,,95.0,0.08981820694687498,0.099132961886875
4,0.09,0.75,0.05,all_soft,dynamic_e2e_trace,295,,99.0,0.08989255225129167,0.09959354518159368
4,0.09,0.75,0.05,all_soft,dynamic_e2e_trace,295,,99.9,0.08991562510604167,0.09959412593553435
4,0.09,0.75,0.05,all_soft,dynamic_e2e_trace,295,,99.99,0.08991562510604167,0.09959418401092841
4,0.09,0.75,0.05,all_soft,dynamic_e2e_trace,300,,90.0,0.08980379079970834,0.09889808695874996
4,0.09,0.75,0.05,all_soft,dynamic_e2e_trace,300,,95.0,0.08981820694687498,0.09913228264250001
4,0.09,0.75,0.05,all_soft,dynamic_e2e_trace,300,,99.0,0.08990808811651667,0.09959354518159368
4,0.09,0.75,0.05,all_soft,dynamic_e2e_trace,300,,99.9,0.08991562510604167,0.09959412593553435
4,0.09,0.75,0.05,all_soft,dynamic_e2e_trace,300,,99.99,0.08991562510604167,0.09959418401092841
4,0.09,0.75,0.05,all_soft,dynamic_e2e_trace,305,,90.0,0.08980274929166665,0.0970737193809375
4,0.09,0.75,0.05,all_soft,dynamic_e2e_trace,305,,95.0,0.089803881365625,0.09849704749546874
4,0.09,0.75,0.05,all_soft,dynamic_e2e_trace,305,,99.0,0.08981820694687498,0.09959354518159368
4,0.09,0.75,0.05,all_soft,dynamic_e2e_trace,305,,99.9,0.08981820694687498,0.09959412593553435
4,0.09,0.75,0.05,all_soft,dynamic_e2e_trace,305,,99.99,0.08981820694687498,0.09959418401092841
4,0.09,0.75,0.05,all_soft,dynamic_e2e_trace,325,,90.0,0.08980356438491667,0.09460440669906253
4,0.09,0.75,0.05,all_soft,dynamic_e2e_trace,325,,95.0,0.08981036491187494,0.0972478957621875
4,0.09,0.75,0.05,all_soft,dynamic_e2e_trace,325,,99.0,0.08981104415624999,0.09881660087418746
4,0.09,0.75,0.05,all_soft,dynamic_e2e_trace,325,,99.9,0.08981104415624999,0.09950937367329374
4,0.09,0.75,0.05,all_soft,dynamic_e2e_trace,325,,99.99,0.08981104415624999,0.09957865095320434
4,0.09,0.75,0.05,all_soft,dynamic_e2e_trace,335,,90.0,0.089803881365625,0.09395953881937497
4,0.09,0.75,0.05,all_soft,dynamic_e2e_trace,335,,95.0,0.08981104415624999,0.09539185903437498
4,0.09,0.75,0.05,all_soft,dynamic_e2e_trace,335,,99.0,0.08981820694687498,0.097393231075
4,0.09,0.75,0.05,all_soft,dynamic_e2e_trace,335,,99.9,0.08981820694687498,0.09966121464493755
4,0.09,0.75,0.05,all_soft,dynamic_e2e_trace,335,,99.99,0.08981820694687498,0.09988801300193124
4,0.09,0.75,0.05,all_soft,dynamic_e2e_trace,340,,90.0,0.089803881365625,0.09395953881937497
4,0.09,0.75,0.05,all_soft,dynamic_e2e_trace,340,,95.0,0.08981104415624999,0.09526806922296874
4,0.09,0.75,0.05,all_soft,dynamic_e2e_trace,340,,99.0,0.08981820694687498,0.09737388689034375
4,0.09,0.75,0.05,all_soft,dynamic_e2e_trace,340,,99.9,0.08981820694687498,0.09931108490265939
4,0.09,0.75,0.05,all_soft,dynamic_e2e_trace,340,,99.99,0.08981820694687498,0.0995048047038909
4,0.09,0.75,0.05,all_soft,dynamic_e2e_trace,345,,90.0,0.089803881365625,0.09395953881937497
4,0.09,0.75,0.05,all_soft,dynamic_e2e_trace,345,,95.0,0.08981104415624999,0.09539185903437498
4,0.09,0.75,0.05,all_soft,dynamic_e2e_trace,345,,99.0,0.08981820694687498,0.097393231075
4,0.09,0.75,0.05,all_soft,dynamic_e2e_trace,345,,99.9,0.08981820694687498,0.09966121464493755
4,0.09,0.75,0.05,all_soft,dynamic_e2e_trace,345,,99.99,0.08981820694687498,0.09988801300193124
4,0.09,0.75,0.05,all_soft,dynamic_e2e_trace,350,,90.0,0.089803881365625,0.09395953881937497
4,0.09,0.75,0.05,all_soft,dynamic_e2e_trace,350,,95.0,0.08981104415624999,0.09539185903437498
4,0.09,0.75,0.05,all_soft,dynamic_e2e_trace,350,,99.0,0.08981820694687498,0.097393231075
4,0.09,0.75,0.05,all_soft,dynamic_e2e_trace,350,,99.9,0.08981820694687498,0.09966121464493755
4,0.09,0.75,0.05,all_soft,dynamic_e2e_trace,350,,99.99,0.08981820694687498,0.09988801300193124
4,0.09,0.75,0.05,all_soft,dynamic_e2e_trace,355,,90.0,0.089803881365625,0.09395953881937497
4,0.09,0.75,0.05,all_soft,dynamic_e2e_trace,355,,95.0,0.08981104415624999,0.0946027858125
4,0.09,0.75,0.05,all_soft,dynamic_e2e_trace,355,,99.0,0.08981820694687498,0.09725379580578125
4,0.09,0.75,0.05,all_soft,dynamic_e2e_trace,355,,99.9,0.08981820694687498,0.09725991999176564
4,0.09,0.75,0.05,all_soft,dynamic_e2e_trace,355,,99.99,0.08981820694687498,0.09726053241036407
4,0.09,0.75,0.05,all_soft,dynamic_e2e_trace,365,,90.0,0.089803881365625,0.09395629704624998
4,0.09,0.75,0.05,all_soft,dynamic_e2e_trace,365,,95.0,0.08981104415624999,0.09395953881937497
4,0.09,0.75,0.05,all_soft,dynamic_e2e_trace,365,,99.0,0.08981820694687498,0.09395953881937497
4,0.09,0.75,0.05,all_soft,dynamic_e2e_trace,365,,99.9,0.08981820694687498,0.09395953881937497
4,0.09,0.75,0.05,all_soft,dynamic_e2e_trace,365,,99.99,0.08981820694687498,0.09395953881937497
4,0.09,0.75,0.05,all_soft,dynamic_e2e_trace,385,,90.0,0.089803881365625,0.09395629704624998
4,0.09,0.75,0.05,all_soft,dynamic_e2e_trace,385,,95.0,0.08981104415624999,0.09395953881937497
4,0.09,0.75,0.05,all_soft,dynamic_e2e_trace,385,,99.0,0.08981820694687498,0.09395953881937497
4,0.09,0.75,0.05,all_soft,dynamic_e2e_trace,385,,99.9,0.08981820694687498,0.09395953881937497
4,0.09,0.75,0.05,all_soft,dynamic_e2e_trace,385,,99.99,0.08981820694687498,0.09395953881937497
